CREATE TABLE aluno (
  codigo_aluno INT GENERATED BY DEFAULT AS IDENTITY (START WITH 51) PRIMARY KEY,
  nome VARCHAR(100) NOT NULL,
  cpf CHAR(11) NOT NULL,
  rg VARCHAR(20) DEFAULT NULL,
  data_nascimento DATE NOT NULL,
  sexo CHAR(1) DEFAULT NULL,
  email VARCHAR(100) DEFAULT NULL,
  telefone VARCHAR(15) DEFAULT NULL,
  cep CHAR(8) DEFAULT NULL,
  logradouro VARCHAR(100) DEFAULT NULL,
  numero VARCHAR(10) DEFAULT NULL,
  bairro VARCHAR(60) DEFAULT NULL,
  cidade VARCHAR(60) DEFAULT NULL,
  estado CHAR(2) DEFAULT NULL,
  complemento VARCHAR(100) DEFAULT NULL,
  data_cadastro DATE NOT NULL,
  situacao VARCHAR(20) NOT NULL,
  CONSTRAINT uq_aluno_cpf UNIQUE (cpf)
);

BEGIN;

LOCK TABLE aluno IN EXCLUSIVE MODE;

INSERT INTO aluno VALUES 
(1,'Lucas Martins','10000000001','RG001','2011-02-03','M','aluno01@email.com','85999991001','60000001','Rua A','11','Centro','Fortaleza','CE',NULL,'2026-01-05','Ativo'),
(2,'Fernanda Costa','10000000002','RG002','2010-03-05','F','aluno02@email.com','85999991002','60000002','Rua B','12','Aldeota','Fortaleza','CE',NULL,'2026-01-05','Ativo'),
(3,'Ricardo Souza','10000000003','RG003','2011-04-07','M','aluno03@email.com','85999991003','60000003','Rua C','13','Meireles','Fortaleza','CE',NULL,'2026-01-05','Ativo'),
(4,'Patrícia Lima','10000000004','RG004','2010-05-09','F','aluno04@email.com','85999991004','60000004','Rua D','14','Varjota','Fortaleza','CE',NULL,'2026-01-05','Ativo'),
(5,'André Alves','10000000005','RG005','2011-06-11','M','aluno05@email.com','85999991005','60000005','Rua E','15','Benfica','Fortaleza','CE',NULL,'2026-01-05','Ativo'),
(6,'Camila Rocha','10000000006','RG006','2010-07-13','F','aluno06@email.com','85999991006','60000006','Rua F','16','Messejana','Fortaleza','CE',NULL,'2026-01-05','Ativo'),
(7,'Bruno Pereira','10000000007','RG007','2011-08-15','M','aluno07@email.com','85999991007','60000007','Rua G','17','Parangaba','Fortaleza','CE',NULL,'2026-01-05','Ativo'),
(8,'Juliana Oliveira','10000000008','RG008','2010-09-17','F','aluno08@email.com','85999991008','60000008','Rua H','18','Fátima','Fortaleza','CE',NULL,'2026-01-05','Ativo'),
(9,'Rafael Barros','10000000009','RG009','2011-10-19','M','aluno09@email.com','85999991009','60000009','Rua I','19','Dionísio Torres','Fortaleza','CE',NULL,'2026-01-05','Ativo'),
(10,'Mariana Nogueira','10000000010','RG010','2010-11-21','F','aluno10@email.com','85999991010','60000010','Rua J','20','Papicu','Fortaleza','CE',NULL,'2026-01-05','Ativo'),
(11,'Diego Farias','10000000011','RG011','2011-12-23','M','aluno11@email.com','85999991011','60000011','Rua K','21','Centro','Fortaleza','CE',NULL,'2026-01-05','Ativo'),
(12,'Larissa Teixeira','10000000012','RG012','2010-01-25','F','aluno12@email.com','85999991012','60000012','Rua L','22','Aldeota','Fortaleza','CE',NULL,'2026-01-05','Ativo'),
(13,'Felipe Mendes','10000000013','RG013','2011-02-02','M','aluno13@email.com','85999991013','60000013','Rua M','23','Meireles','Fortaleza','CE',NULL,'2026-01-05','Ativo'),
(14,'Amanda Santos','10000000014','RG014','2010-03-04','F','aluno14@email.com','85999991014','60000014','Rua N','24','Varjota','Fortaleza','CE',NULL,'2026-01-05','Ativo'),
(15,'Gustavo Gomes','10000000015','RG015','2011-04-06','M','aluno15@email.com','85999991015','60000015','Rua O','25','Benfica','Fortaleza','CE',NULL,'2026-01-05','Ativo'),
(16,'Bianca Araújo','10000000016','RG016','2004-05-24','F','aluno16@email.com','85999991016','60000016','Rua P','26','Messejana','Fortaleza','CE',NULL,'2026-01-05','Ativo'),
(17,'Eduardo Carvalho','10000000017','RG017','2005-06-02','M','aluno17@email.com','85999991017','60000017','Rua Q','27','Parangaba','Fortaleza','CE',NULL,'2026-01-05','Ativo'),
(18,'Renata Monteiro','10000000018','RG018','1988-07-05','F','aluno18@email.com','85999991018','60000018','Rua R','28','Fátima','Fortaleza','CE',NULL,'2026-01-05','Ativo'),
(19,'Vinícius Ribeiro','10000000019','RG019','1989-08-08','M','aluno19@email.com','85999991019','60000019','Rua S','29','Dionísio Torres','Fortaleza','CE',NULL,'2026-01-05','Ativo'),
(20,'Carolina Cardoso','10000000020','RG020','1990-09-11','F','aluno20@email.com','85999991020','60000020','Rua T','30','Papicu','Fortaleza','CE',NULL,'2026-01-05','Ativo'),
(21,'Igor Martins','10000000021','RG021','1991-10-14','M','aluno21@email.com','85999991021','60000021','Rua U','31','Centro','Fortaleza','CE',NULL,'2026-01-05','Ativo'),
(22,'Aline Costa','10000000022','RG022','1992-11-17','F','aluno22@email.com','85999991022','60000022','Rua V','32','Aldeota','Fortaleza','CE',NULL,'2026-01-05','Ativo'),
(23,'Mateus Souza','10000000023','RG023','1993-12-20','M','aluno23@email.com','85999991023','60000023','Rua W','33','Meireles','Fortaleza','CE',NULL,'2026-01-05','Ativo'),
(24,'Letícia Lima','10000000024','RG024','1994-01-23','F','aluno24@email.com','85999991024','60000024','Rua X','34','Varjota','Fortaleza','CE',NULL,'2026-01-05','Ativo'),
(25,'Caio Alves','10000000025','RG025','1995-02-01','M','aluno25@email.com','85999991025','60000025','Rua Y','35','Benfica','Fortaleza','CE',NULL,'2026-01-05','Ativo'),
(26,'Natália Rocha','10000000026','RG026','1996-03-04','F','aluno26@email.com','85999991026','60000026','Rua Z','36','Messejana','Fortaleza','CE',NULL,'2026-01-05','Ativo'),
(27,'Samuel Pereira','10000000027','RG027','1997-04-07','M','aluno27@email.com','85999991027','60000027','Rua A','37','Parangaba','Fortaleza','CE',NULL,'2026-01-05','Ativo'),
(28,'Priscila Oliveira','10000000028','RG028','1998-05-10','F','aluno28@email.com','85999991028','60000028','Rua B','38','Fátima','Fortaleza','CE',NULL,'2026-01-05','Ativo'),
(29,'Daniel Barros','10000000029','RG029','1999-06-13','M','aluno29@email.com','85999991029','60000029','Rua C','39','Dionísio Torres','Fortaleza','CE',NULL,'2026-01-05','Ativo'),
(30,'Sofia Nogueira','10000000030','RG030','2000-07-16','F','aluno30@email.com','85999991030','60000030','Rua D','40','Papicu','Fortaleza','CE',NULL,'2026-01-05','Ativo'),
(31,'Henrique Farias','10000000031','RG031','2001-08-19','M','aluno31@email.com','85999991031','60000031','Rua E','41','Centro','Fortaleza','CE',NULL,'2026-01-05','Ativo'),
(32,'Isabela Teixeira','10000000032','RG032','2002-09-22','F','aluno32@email.com','85999991032','60000032','Rua F','42','Aldeota','Fortaleza','CE',NULL,'2026-01-05','Ativo'),
(33,'Vitor Mendes','10000000033','RG033','2003-10-25','M','aluno33@email.com','85999991033','60000033','Rua G','43','Meireles','Fortaleza','CE',NULL,'2026-01-05','Ativo'),
(34,'Gabriela Santos','10000000034','RG034','2004-11-03','F','aluno34@email.com','85999991034','60000034','Rua H','44','Varjota','Fortaleza','CE',NULL,'2026-01-05','Ativo'),
(35,'Leonardo Gomes','10000000035','RG035','2005-12-06','M','aluno35@email.com','85999991035','60000035','Rua I','45','Benfica','Fortaleza','CE',NULL,'2026-01-05','Ativo'),
(36,'Mônica Araújo','10000000036','RG036','1988-01-09','F','aluno36@email.com','85999991036','60000036','Rua J','46','Messejana','Fortaleza','CE',NULL,'2026-01-05','Ativo'),
(37,'Thiago Carvalho','10000000037','RG037','1989-02-12','M','aluno37@email.com','85999991037','60000037','Rua K','47','Parangaba','Fortaleza','CE',NULL,'2026-01-05','Ativo'),
(38,'Beatriz Monteiro','10000000038','RG038','1990-03-15','F','aluno38@email.com','85999991038','60000038','Rua L','48','Fátima','Fortaleza','CE',NULL,'2026-01-05','Ativo'),
(39,'Rodrigo Ribeiro','10000000039','RG039','1991-04-18','M','aluno39@email.com','85999991039','60000039','Rua M','49','Dionísio Torres','Fortaleza','CE',NULL,'2026-01-05','Ativo'),
(40,'Paula Cardoso','10000000040','RG040','1992-05-21','F','aluno40@email.com','85999991040','60000040','Rua N','50','Papicu','Fortaleza','CE',NULL,'2026-01-05','Ativo'),
(41,'Arthur Martins','10000000041','RG041','1993-06-24','M','aluno41@email.com','85999991041','60000041','Rua O','51','Centro','Fortaleza','CE',NULL,'2026-01-05','Ativo'),
(42,'Clara Costa','10000000042','RG042','1994-07-02','F','aluno42@email.com','85999991042','60000042','Rua P','52','Aldeota','Fortaleza','CE',NULL,'2026-01-05','Ativo'),
(43,'Murilo Souza','10000000043','RG043','1995-08-05','M','aluno43@email.com','85999991043','60000043','Rua Q','53','Meireles','Fortaleza','CE',NULL,'2026-01-05','Inativo'),
(44,'Luana Lima','10000000044','RG044','1996-09-08','F','aluno44@email.com','85999991044','60000044','Rua R','54','Varjota','Fortaleza','CE',NULL,'2026-01-05','Trancado'),
(45,'César Alves','10000000045','RG045','1997-10-11','M','aluno45@email.com','85999991045','60000045','Rua S','55','Benfica','Fortaleza','CE',NULL,'2026-01-05','Desistente'),
(46,'Helena Rocha','10000000046','RG046','1998-11-14','F','aluno46@email.com','85999991046','60000046','Rua T','56','Messejana','Fortaleza','CE',NULL,'2026-01-05','Ativo'),
(47,'Davi Pereira','10000000047','RG047','1999-12-17','M','aluno47@email.com','85999991047','60000047','Rua U','57','Parangaba','Fortaleza','CE',NULL,'2026-01-05','Ativo'),
(48,'Yasmin Oliveira','10000000048','RG048','2000-01-20','F','aluno48@email.com','85999991048','60000048','Rua V','58','Fátima','Fortaleza','CE',NULL,'2026-01-05','Ativo'),
(49,'João Pedro Barros','10000000049','RG049','2001-02-23','M','aluno49@email.com','85999991049','60000049','Rua W','59','Dionísio Torres','Fortaleza','CE',NULL,'2026-01-05','Ativo'),
(50,'Ana Júlia Nogueira','10000000050','RG050','2002-03-01','F','aluno50@email.com','85999991050','60000050','Rua X','60','Papicu','Fortaleza','CE',NULL,'2026-01-05','Ativo');

SELECT setval(pg_get_serial_sequence('aluno', 'codigo_aluno'), COALESCE(MAX(codigo_aluno), 1)) FROM aluno;

COMMIT;

CREATE TABLE responsavel (
  codigo_responsavel INT GENERATED BY DEFAULT AS IDENTITY (START WITH 16) PRIMARY KEY,
  nome VARCHAR(100) NOT NULL,
  cpf CHAR(11) NOT NULL,
  rg VARCHAR(20) DEFAULT NULL,
  telefone VARCHAR(15) DEFAULT NULL,
  email VARCHAR(100) DEFAULT NULL,
  parentesco VARCHAR(30) DEFAULT NULL,
  cep CHAR(8) DEFAULT NULL,
  logradouro VARCHAR(100) DEFAULT NULL,
  numero VARCHAR(10) DEFAULT NULL,
  bairro VARCHAR(60) DEFAULT NULL,
  cidade VARCHAR(60) DEFAULT NULL,
  estado CHAR(2) DEFAULT NULL,
  complemento VARCHAR(100) DEFAULT NULL,
  CONSTRAINT uq_responsavel_cpf UNIQUE (cpf)
);

BEGIN;

-- Lock na tabela responsavel que será liberado automaticamente no COMMIT
LOCK TABLE responsavel IN EXCLUSIVE MODE;

INSERT INTO responsavel VALUES 
(1,'Responsável Costa 1','90000000001','RGR001','85988880001','responsavel01@email.com','Mãe','60100001','Rua Responsável 1','101','Aldeota','Fortaleza','CE',NULL),
(2,'Responsável Souza 2','90000000002','RGR002','85988880002','responsavel02@email.com','Pai','60100002','Rua Responsável 2','102','Meireles','Fortaleza','CE',NULL),
(3,'Responsável Lima 3','90000000003','RGR003','85988880003','responsavel03@email.com','Mãe','60100003','Rua Responsável 3','103','Varjota','Fortaleza','CE',NULL),
(4,'Responsável Alves 4','90000000004','RGR004','85988880004','responsavel04@email.com','Pai','60100004','Rua Responsável 4','104','Benfica','Fortaleza','CE',NULL),
(5,'Responsável Rocha 5','90000000005','RGR005','85988880005','responsavel05@email.com','Mãe','60100005','Rua Responsável 5','105','Messejana','Fortaleza','CE',NULL),
(6,'Responsável Pereira 6','90000000006','RGR006','85988880006','responsavel06@email.com','Pai','60100006','Rua Responsável 6','106','Parangaba','Fortaleza','CE',NULL),
(7,'Responsável Oliveira 7','90000000007','RGR007','85988880007','responsavel07@email.com','Mãe','60100007','Rua Responsável 7','107','Fátima','Fortaleza','CE',NULL),
(8,'Responsável Barros 8','90000000008','RGR008','85988880008','responsavel08@email.com','Pai','60100008','Rua Responsável 8','108','Dionísio Torres','Fortaleza','CE',NULL),
(9,'Responsável Nogueira 9','90000000009','RGR009','85988880009','responsavel09@email.com','Mãe','60100009','Rua Responsável 9','109','Papicu','Fortaleza','CE',NULL),
(10,'Responsável Farias 10','90000000010','RGR010','85988880010','responsavel10@email.com','Pai','60100010','Rua Responsável 10','110','Centro','Fortaleza','CE',NULL),
(11,'Responsável Teixeira 11','90000000011','RGR011','85988880011','responsavel11@email.com','Mãe','60100011','Rua Responsável 11','111','Aldeota','Fortaleza','CE',NULL),
(12,'Responsável Mendes 12','90000000012','RGR012','85988880012','responsavel12@email.com','Pai','60100012','Rua Responsável 12','112','Meireles','Fortaleza','CE',NULL),
(13,'Responsável Santos 13','90000000013','RGR013','85988880013','responsavel13@email.com','Mãe','60100013','Rua Responsável 13','113','Varjota','Fortaleza','CE',NULL),
(14,'Responsável Gomes 14','90000000014','RGR014','85988880014','responsavel14@email.com','Pai','60100014','Rua Responsável 14','114','Benfica','Fortaleza','CE',NULL),
(15,'Responsável Araújo 15','90000000015','RGR015','85988880015','responsavel15@email.com','Mãe','60100015','Rua Responsável 15','115','Messejana','Fortaleza','CE',NULL);

-- Garante que o contador interno (identity) saiba que os IDs de 1 a 15 já estão ocupados
SELECT setval(pg_get_serial_sequence('responsavel', 'codigo_responsavel'), COALESCE(MAX(codigo_responsavel), 1)) FROM responsavel;

COMMIT;

CREATE TABLE aluno_responsavel (
  codigo_aluno INT NOT NULL,
  codigo_responsavel INT NOT NULL,
  tipo_responsavel VARCHAR(30) DEFAULT NULL,
  responsavel_financeiro BOOLEAN DEFAULT FALSE,
  responsavel_pedagogico BOOLEAN DEFAULT FALSE,
  PRIMARY KEY (codigo_aluno, codigo_responsavel),
  CONSTRAINT aluno_responsavel_ibfk_1 FOREIGN KEY (codigo_aluno) REFERENCES aluno (codigo_aluno),
  CONSTRAINT aluno_responsavel_ibfk_2 FOREIGN KEY (codigo_responsavel) REFERENCES responsavel (codigo_responsavel)
);

-- No PostgreSQL, índices secundários devem ser criados separadamente
CREATE INDEX idx_aluno_responsavel_codigo_responsavel ON aluno_responsavel (codigo_responsavel);

BEGIN;

-- Lock na tabela que será liberado automaticamente no COMMIT
LOCK TABLE aluno_responsavel IN EXCLUSIVE MODE;

INSERT INTO aluno_responsavel VALUES 
(1, 1, 'Mãe', TRUE, TRUE),
(2, 1, 'Mãe', FALSE, TRUE),
(2, 2, 'Pai', TRUE, TRUE),
(3, 3, 'Mãe', TRUE, TRUE),
(4, 3, 'Mãe', FALSE, TRUE),
(4, 4, 'Pai', TRUE, TRUE),
(5, 5, 'Mãe', TRUE, TRUE),
(6, 5, 'Mãe', TRUE, TRUE),
(6, 6, 'Pai', TRUE, TRUE),
(7, 7, 'Mãe', TRUE, TRUE),
(8, 8, 'Pai', TRUE, TRUE),
(9, 9, 'Mãe', TRUE, TRUE),
(10, 10, 'Pai', TRUE, TRUE),
(11, 11, 'Mãe', TRUE, TRUE),
(12, 12, 'Pai', TRUE, TRUE),
(13, 13, 'Mãe', TRUE, TRUE),
(14, 14, 'Pai', TRUE, TRUE),
(15, 15, 'Mãe', TRUE, TRUE);

COMMIT;

CREATE TABLE curso (
  codigo_curso INT GENERATED BY DEFAULT AS IDENTITY (START WITH 11) PRIMARY KEY,
  nome VARCHAR(100) NOT NULL,
  descricao TEXT,
  carga_horaria INT NOT NULL,
  valor_mensalidade DECIMAL(8,2) NOT NULL,
  duracao_meses INT NOT NULL,
  situacao VARCHAR(20) NOT NULL
);

BEGIN;

-- Lock na tabela que será liberado automaticamente no COMMIT
LOCK TABLE curso IN EXCLUSIVE MODE;

INSERT INTO curso VALUES 
(1,'Informática Básica','Fundamentos de informática, sistemas operacionais e internet',60,180.00,3,'Ativo'),
(2,'Excel Profissional','Planilhas, fórmulas, gráficos e dashboards',80,220.00,4,'Ativo'),
(3,'Desenvolvimento Web','Criação de páginas com HTML, CSS e JavaScript',120,280.00,6,'Ativo'),
(4,'Banco de Dados','Modelagem, SQL e administração básica de dados',80,250.00,4,'Ativo'),
(5,'Design Gráfico','Criação de peças digitais e identidade visual',100,260.00,5,'Ativo'),
(6,'Marketing Digital','Mídias sociais, campanhas e produção de conteúdo',90,240.00,4,'Ativo'),
(7,'Assistente Administrativo','Rotinas administrativas, atendimento e documentos',100,210.00,5,'Ativo'),
(8,'Programação em Python','Lógica, estruturas de dados e automação com Python',100,270.00,5,'Ativo'),
(9,'Manutenção de Computadores','Hardware, montagem, diagnóstico e manutenção',120,300.00,6,'Ativo'),
(10,'Atendimento ao Cliente','Comunicação, postura profissional e relacionamento',40,150.00,2,'Inativo');

-- Garante que o contador interno (identity) saiba que os IDs de 1 a 10 já estão ocupados
SELECT setval(pg_get_serial_sequence('curso', 'codigo_curso'), COALESCE(MAX(codigo_curso), 1)) FROM curso;

COMMIT;


CREATE TABLE turma (
  codigo_turma INT GENERATED BY DEFAULT AS IDENTITY (START WITH 21) PRIMARY KEY,
  codigo_curso INT NOT NULL,
  nome VARCHAR(100) NOT NULL,
  ano INT NOT NULL,
  semestre SMALLINT NOT NULL,
  quantidade_vagas INT NOT NULL,
  situacao VARCHAR(20) NOT NULL,
  CONSTRAINT turma_ibfk_1 FOREIGN KEY (codigo_curso) REFERENCES curso (codigo_curso)
);

-- Índice secundário criado separadamente no PostgreSQL
CREATE INDEX idx_turma_codigo_curso ON turma (codigo_curso);

BEGIN;

-- Lock na tabela que será liberado automaticamente no COMMIT
LOCK TABLE turma IN EXCLUSIVE MODE;

INSERT INTO turma VALUES 
(1, 1, 'INF2026.1', 2026, 1, 30, 'Em andamento'),
(2, 1, 'INF2026.2', 2026, 2, 25, 'Concluída'),
(3, 2, 'EXC2026.1', 2026, 1, 20, 'Em andamento'),
(4, 2, 'EXC2026.2', 2026, 2, 25, 'Planejada'),
(5, 3, 'WEB2026.1', 2026, 1, 30, 'Em andamento'),
(6, 3, 'WEB2026.2', 2026, 2, 20, 'Concluída'),
(7, 4, 'BD2026.1', 2026, 1, 25, 'Em andamento'),
(8, 4, 'BD2026.2', 2026, 2, 25, 'Planejada'),
(9, 5, 'DES2026.1', 2026, 1, 20, 'Em andamento'),
(10, 5, 'DES2026.2', 2026, 2, 25, 'Cancelada'),
(11, 6, 'MKT2026.1', 2026, 1, 25, 'Em andamento'),
(12, 6, 'MKT2026.2', 2026, 2, 20, 'Concluída'),
(13, 7, 'ADM2026.1', 2026, 1, 25, 'Em andamento'),
(14, 7, 'ADM2026.2', 2026, 2, 25, 'Planejada'),
(15, 8, 'PY2026.1', 2026, 1, 20, 'Em andamento'),
(16, 8, 'PY2026.2', 2026, 2, 25, 'Concluída'),
(17, 9, 'MAN2026.1', 2026, 1, 25, 'Em andamento'),
(18, 9, 'MAN2026.2', 2026, 2, 20, 'Planejada'),
(19, 10, 'ATD2025.1', 2025, 1, 25, 'Concluída'),
(20, 3, 'WEB2025.2', 2025, 2, 30, 'Em andamento');

-- Garante que o contador interno (identity) saiba que os IDs de 1 a 20 já estão ocupados
SELECT setval(pg_get_serial_sequence('turma', 'codigo_turma'), COALESCE(MAX(codigo_turma), 1)) FROM turma;

COMMIT;

CREATE TABLE professor (
  codigo_professor INT GENERATED BY DEFAULT AS IDENTITY (START WITH 16) PRIMARY KEY,
  nome VARCHAR(100) NOT NULL,
  cpf CHAR(11) NOT NULL,
  rg VARCHAR(20) DEFAULT NULL,
  data_nascimento DATE DEFAULT NULL,
  email VARCHAR(100) DEFAULT NULL,
  telefone VARCHAR(15) DEFAULT NULL,
  formacao VARCHAR(100) DEFAULT NULL,
  especialidade VARCHAR(100) DEFAULT NULL,
  data_contratacao DATE DEFAULT NULL,
  valor_hora_aula DECIMAL(8,2) DEFAULT NULL,
  carga_horaria_mensal INT DEFAULT NULL,
  situacao VARCHAR(20) NOT NULL,
  CONSTRAINT uq_professor_cpf UNIQUE (cpf)
);

BEGIN;

-- Lock na tabela que será liberado automaticamente no COMMIT
LOCK TABLE professor IN EXCLUSIVE MODE;

INSERT INTO professor VALUES 
(1,'João Silva','11111111111','RG111','1985-01-10','joao.silva@escola.com','85999990001','Sistemas de Informação','Banco de Dados','2024-01-10',45.00,80,'Ativo'),
(2,'Maria Souza','22222222222','RG222','1988-05-20','maria.souza@escola.com','85999990002','Ciência da Computação','Desenvolvimento Web','2024-02-01',50.00,100,'Ativo'),
(3,'Carlos Lima','33333333333','RG333','1982-03-15','carlos.lima@escola.com','85999990003','Administração','Excel','2023-08-01',40.00,60,'Ativo'),
(4,'Ana Rocha','44444444444','RG444','1990-11-25','ana.rocha@escola.com','85999990004','Design Gráfico','Design Digital','2024-01-15',48.00,80,'Ativo'),
(5,'Pedro Alves','55555555555','RG555','1987-09-12','pedro.alves@escola.com','85999990005','Redes de Computadores','Informática Básica','2024-03-01',42.00,70,'Ativo'),
(6,'Beatriz Nogueira','66666666666','RG666','1992-07-14','beatriz.nogueira@escola.com','85999990006','Publicidade','Marketing Digital','2024-01-20',46.00,80,'Ativo'),
(7,'Rafael Pereira','77777777777','RG777','1984-12-02','rafael.pereira@escola.com','85999990007','Engenharia da Computação','Hardware','2023-05-12',52.00,100,'Ativo'),
(8,'Cláudia Martins','88888888888','RG888','1981-04-18','claudia.martins@escola.com','85999990008','Administração','Rotinas Administrativas','2022-11-10',43.00,90,'Ativo'),
(9,'Thiago Costa','99999999999','RG999','1991-10-30','thiago.costa@escola.com','85999990009','Sistemas para Internet','Programação Python','2024-04-01',49.00,80,'Ativo'),
(10,'Juliana Barros','10101010101','RG101','1989-06-21','juliana.barros@escola.com','85999990010','Pedagogia','Atendimento ao Cliente','2023-03-15',38.00,60,'Ativo'),
(11,'Marcelo Farias','12121212121','RG121','1979-02-10','marcelo.farias@escola.com','85999990011','Engenharia de Software','Projeto Integrador','2022-02-20',55.00,100,'Ativo'),
(12,'Paula Fernandes','13131313131','RG131','1993-08-19','paula.fernandes@escola.com','85999990012','Design','UX/UI','2024-02-18',48.00,80,'Ativo'),
(13,'Gustavo Henrique','14141414141','RG141','1986-05-29','gustavo.henrique@escola.com','85999990013','Ciência da Computação','Lógica de Programação','2023-06-07',47.00,90,'Ativo'),
(14,'Larissa Teixeira','15151515151','RG151','1994-09-09','larissa.teixeira@escola.com','85999990014','Administração','Gestão e Finanças','2024-05-01',41.00,60,'Afastado'),
(15,'Fábio Mendes','16161616161','RG161','1980-01-28','fabio.mendes@escola.com','85999990015','Informática','Suporte Técnico','2021-08-16',39.00,70,'Inativo');

-- Garante que o contador interno (identity) saiba que os IDs de 1 a 15 já estão ocupados
SELECT setval(pg_get_serial_sequence('professor', 'codigo_professor'), COALESCE(MAX(codigo_professor), 1)) FROM professor;

COMMIT;

CREATE TABLE disciplina (
  codigo_disciplina INT GENERATED BY DEFAULT AS IDENTITY (START WITH 61) PRIMARY KEY,
  codigo_turma INT NOT NULL,
  codigo_professor INT NOT NULL,
  nome VARCHAR(100) NOT NULL,
  descricao TEXT,
  carga_horaria INT NOT NULL,
  ordem INT DEFAULT NULL,
  situacao VARCHAR(20) NOT NULL,
  CONSTRAINT disciplina_ibfk_1 FOREIGN KEY (codigo_turma) REFERENCES turma (codigo_turma),
  CONSTRAINT disciplina_ibfk_2 FOREIGN KEY (codigo_professor) REFERENCES professor (codigo_professor)
);

-- Índices secundários
CREATE INDEX idx_disciplina_codigo_turma ON disciplina (codigo_turma);
CREATE INDEX idx_disciplina_codigo_professor ON disciplina (codigo_professor);

BEGIN;

-- Lock na tabela que será liberado automaticamente no COMMIT
LOCK TABLE disciplina IN EXCLUSIVE MODE;

INSERT INTO disciplina VALUES 
(1,1,5,'Sistemas Operacionais','Disciplina Sistemas Operacionais da turma 1',20,1,'Ativa'),
(2,1,15,'Internet e Segurança','Disciplina Internet e Segurança da turma 1',20,2,'Ativa'),
(3,1,3,'Pacote Office','Disciplina Pacote Office da turma 1',40,3,'Ativa'),
(4,2,5,'Sistemas Operacionais','Disciplina Sistemas Operacionais da turma 2',20,1,'Ativa'),
(5,2,15,'Internet e Segurança','Disciplina Internet e Segurança da turma 2',20,2,'Ativa'),
(6,2,3,'Pacote Office','Disciplina Pacote Office da turma 2',40,3,'Ativa'),
(7,3,3,'Excel Básico','Disciplina Excel Básico da turma 3',20,1,'Ativa'),
(8,3,3,'Excel Intermediário','Disciplina Excel Intermediário da turma 3',20,2,'Ativa'),
(9,3,3,'Dashboards no Excel','Disciplina Dashboards no Excel da turma 3',40,3,'Ativa'),
(10,4,3,'Excel Básico','Disciplina Excel Básico da turma 4',20,1,'Ativa'),
(11,4,3,'Excel Intermediário','Disciplina Excel Intermediário da turma 4',20,2,'Ativa'),
(12,4,3,'Dashboards no Excel','Disciplina Dashboards no Excel da turma 4',40,3,'Ativa'),
(13,5,2,'HTML e CSS','Disciplina HTML e CSS da turma 5',20,1,'Ativa'),
(14,5,2,'JavaScript','Disciplina JavaScript da turma 5',20,2,'Ativa'),
(15,5,11,'Projeto Web','Disciplina Projeto Web da turma 5',40,3,'Ativa'),
(16,6,2,'HTML e CSS','Disciplina HTML e CSS da turma 6',20,1,'Ativa'),
(17,6,2,'JavaScript','Disciplina JavaScript da turma 6',20,2,'Ativa'),
(18,6,11,'Projeto Web','Disciplina Projeto Web da turma 6',40,3,'Ativa'),
(19,7,1,'Modelagem de Dados','Disciplina Modelagem de Dados da turma 7',20,1,'Ativa'),
(20,7,1,'SQL','Disciplina SQL da turma 7',20,2,'Ativa'),
(21,7,1,'Administração Básica de BD','Disciplina Administração Básica de BD da turma 7',40,3,'Ativa'),
(22,8,1,'Modelagem de Dados','Disciplina Modelagem de Dados da turma 8',20,1,'Ativa'),
(23,8,1,'SQL','Disciplina SQL da turma 8',20,2,'Ativa'),
(24,8,1,'Administração Básica de BD','Disciplina Administração Básica de BD da turma 8',40,3,'Ativa'),
(25,9,4,'Fundamentos do Design','Disciplina Fundamentos do Design da turma 9',20,1,'Ativa'),
(26,9,4,'Edição de Imagens','Disciplina Edição de Imagens da turma 9',20,2,'Ativa'),
(27,9,12,'Projeto Visual','Disciplina Projeto Visual da turma 9',40,3,'Ativa'),
(28,10,4,'Fundamentos do Design','Disciplina Fundamentos do Design da turma 10',20,1,'Cancelada'),
(29,10,4,'Edição de Imagens','Disciplina Edição de Imagens da turma 10',20,2,'Cancelada'),
(30,10,12,'Projeto Visual','Disciplina Projeto Visual da turma 10',40,3,'Cancelada'),
(31,11,6,'Redes Sociais','Disciplina Redes Sociais da turma 11',20,1,'Ativa'),
(32,11,6,'Produção de Conteúdo','Disciplina Produção de Conteúdo da turma 11',20,2,'Ativa'),
(33,11,6,'Campanhas Digitais','Disciplina Campanhas Digitais da turma 11',40,3,'Ativa'),
(34,12,6,'Redes Sociais','Disciplina Redes Sociais da turma 12',20,1,'Ativa'),
(35,12,6,'Produção de Conteúdo','Disciplina Produção de Conteúdo da turma 12',20,2,'Ativa'),
(36,12,6,'Campanhas Digitais','Disciplina Campanhas Digitais da turma 12',40,3,'Ativa'),
(37,13,8,'Rotinas Administrativas','Disciplina Rotinas Administrativas da turma 13',20,1,'Ativa'),
(38,13,10,'Atendimento e Documentos','Disciplina Atendimento e Documentos da turma 13',20,2,'Ativa'),
(39,13,14,'Noções de Finanças','Disciplina Noções de Finanças da turma 13',40,3,'Ativa'),
(40,14,8,'Rotinas Administrativas','Disciplina Rotinas Administrativas da turma 14',20,1,'Ativa'),
(41,14,10,'Atendimento e Documentos','Disciplina Atendimento e Documentos da turma 14',20,2,'Ativa'),
(42,14,14,'Noções de Finanças','Disciplina Noções de Finanças da turma 14',40,3,'Ativa'),
(43,15,13,'Lógica com Python','Disciplina Lógica com Python da turma 15',20,1,'Ativa'),
(44,15,9,'Estruturas de Dados','Disciplina Estruturas de Dados da turma 15',20,2,'Ativa'),
(45,15,9,'Automação com Python','Disciplina Automação com Python da turma 15',40,3,'Ativa'),
(46,16,13,'Lógica com Python','Disciplina Lógica com Python da turma 16',20,1,'Ativa'),
(47,16,9,'Estruturas de Dados','Disciplina Estruturas de Dados da turma 16',20,2,'Ativa'),
(48,16,9,'Automação com Python','Disciplina Automação com Python da turma 16',40,3,'Ativa'),
(49,17,7,'Montagem de Computadores','Disciplina Montagem de Computadores da turma 17',20,1,'Ativa'),
(50,17,7,'Manutenção Preventiva','Disciplina Manutenção Preventiva da turma 17',20,2,'Ativa'),
(51,17,7,'Diagnóstico de Hardware','Disciplina Diagnóstico de Hardware da turma 17',40,3,'Ativa'),
(52,18,7,'Montagem de Computadores','Disciplina Montagem de Computadores da turma 18',20,1,'Ativa'),
(53,18,7,'Manutenção Preventiva','Disciplina Manutenção Preventiva da turma 18',20,2,'Ativa'),
(54,18,7,'Diagnóstico de Hardware','Disciplina Diagnóstico de Hardware da turma 18',40,3,'Ativa'),
(55,19,10,'Comunicação Profissional','Disciplina Comunicação Profissional da turma 19',20,1,'Ativa'),
(56,19,10,'Relacionamento com Cliente','Disciplina Relacionamento com Cliente da turma 19',20,2,'Ativa'),
(57,19,10,'Ética no Atendimento','Disciplina Ética no Atendimento da turma 19',40,3,'Ativa'),
(58,20,2,'HTML e CSS','Disciplina HTML e CSS da turma 20',20,1,'Ativa'),
(59,20,2,'JavaScript','Disciplina JavaScript da turma 20',20,2,'Ativa'),
(60,20,11,'Projeto Web','Disciplina Projeto Web da turma 20',40,3,'Ativa');

-- Garante que o contador interno (identity) saiba que os IDs de 1 a 60 já estão ocupados
SELECT setval(pg_get_serial_sequence('disciplina', 'codigo_disciplina'), COALESCE(MAX(codigo_disciplina), 1)) FROM disciplina;

COMMIT;

CREATE TABLE aula (
  codigo_aula INT GENERATED BY DEFAULT AS IDENTITY (START WITH 241) PRIMARY KEY,
  codigo_disciplina INT NOT NULL,
  data_aula DATE NOT NULL,
  hora_inicio TIME NOT NULL,
  hora_fim TIME NOT NULL,
  conteudo TEXT,
  observacao VARCHAR(200) DEFAULT NULL,
  CONSTRAINT aula_ibfk_1 FOREIGN KEY (codigo_disciplina) REFERENCES disciplina (codigo_disciplina)
);

-- Índice secundário criado separadamente no PostgreSQL
CREATE INDEX idx_aula_codigo_disciplina ON aula (codigo_disciplina);

BEGIN;

INSERT INTO "aula" VALUES 
(1,1,'2026-03-06','19:00:00','21:00:00','Conteúdo 1 da disciplina Sistemas Operacionais',NULL),
(2,1,'2026-03-13','19:00:00','21:00:00','Conteúdo 2 da disciplina Sistemas Operacionais',NULL),
(3,1,'2026-03-20','19:00:00','21:00:00','Conteúdo 3 da disciplina Sistemas Operacionais',NULL),
(4,1,'2026-03-27','19:00:00','21:00:00','Conteúdo 4 da disciplina Sistemas Operacionais',NULL),
(5,2,'2026-03-06','19:00:00','21:00:00','Conteúdo 1 da disciplina Internet e Segurança',NULL),
(6,2,'2026-03-13','19:00:00','21:00:00','Conteúdo 2 da disciplina Internet e Segurança',NULL),
(7,2,'2026-03-20','19:00:00','21:00:00','Conteúdo 3 da disciplina Internet e Segurança',NULL),
(8,2,'2026-03-27','19:00:00','21:00:00','Conteúdo 4 da disciplina Internet e Segurança',NULL),
(9,3,'2026-03-06','19:00:00','21:00:00','Conteúdo 1 da disciplina Pacote Office',NULL),
(10,3,'2026-03-13','19:00:00','21:00:00','Conteúdo 2 da disciplina Pacote Office',NULL),
(11,3,'2026-03-20','19:00:00','21:00:00','Conteúdo 3 da disciplina Pacote Office',NULL),
(12,3,'2026-03-27','19:00:00','21:00:00','Conteúdo 4 da disciplina Pacote Office',NULL),
(13,4,'2026-03-09','19:00:00','21:00:00','Conteúdo 1 da disciplina Sistemas Operacionais',NULL),
(14,4,'2026-03-16','19:00:00','21:00:00','Conteúdo 2 da disciplina Sistemas Operacionais',NULL),
(15,4,'2026-03-23','19:00:00','21:00:00','Conteúdo 3 da disciplina Sistemas Operacionais',NULL),
(16,4,'2026-03-30','19:00:00','21:00:00','Conteúdo 4 da disciplina Sistemas Operacionais',NULL),
(17,5,'2026-03-09','19:00:00','21:00:00','Conteúdo 1 da disciplina Internet e Segurança',NULL),
(18,5,'2026-03-16','19:00:00','21:00:00','Conteúdo 2 da disciplina Internet e Segurança',NULL),
(19,5,'2026-03-23','19:00:00','21:00:00','Conteúdo 3 da disciplina Internet e Segurança',NULL),
(20,5,'2026-03-30','19:00:00','21:00:00','Conteúdo 4 da disciplina Internet e Segurança',NULL),
(21,6,'2026-03-09','19:00:00','21:00:00','Conteúdo 1 da disciplina Pacote Office',NULL),
(22,6,'2026-03-16','19:00:00','21:00:00','Conteúdo 2 da disciplina Pacote Office',NULL),
(23,6,'2026-03-23','19:00:00','21:00:00','Conteúdo 3 da disciplina Pacote Office',NULL),
(24,6,'2026-03-30','19:00:00','21:00:00','Conteúdo 4 da disciplina Pacote Office',NULL),
(25,7,'2026-03-12','19:00:00','21:00:00','Conteúdo 1 da disciplina Excel Básico',NULL),
(26,7,'2026-03-19','19:00:00','21:00:00','Conteúdo 2 da disciplina Excel Básico',NULL),
(27,7,'2026-03-26','19:00:00','21:00:00','Conteúdo 3 da disciplina Excel Básico',NULL),
(28,7,'2026-04-02','19:00:00','21:00:00','Conteúdo 4 da disciplina Excel Básico',NULL),
(29,8,'2026-03-12','19:00:00','21:00:00','Conteúdo 1 da disciplina Excel Intermediário',NULL),
(30,8,'2026-03-19','19:00:00','21:00:00','Conteúdo 2 da disciplina Excel Intermediário',NULL),
(31,8,'2026-03-26','19:00:00','21:00:00','Conteúdo 3 da disciplina Excel Intermediário',NULL),
(32,8,'2026-04-02','19:00:00','21:00:00','Conteúdo 4 da disciplina Excel Intermediário',NULL),
(33,9,'2026-03-12','19:00:00','21:00:00','Conteúdo 1 da disciplina Dashboards no Excel',NULL),
(34,9,'2026-03-19','19:00:00','21:00:00','Conteúdo 2 da disciplina Dashboards no Excel',NULL),
(35,9,'2026-03-26','19:00:00','21:00:00','Conteúdo 3 da disciplina Dashboards no Excel',NULL),
(36,9,'2026-04-02','19:00:00','21:00:00','Conteúdo 4 da disciplina Dashboards no Excel',NULL),
(37,10,'2026-03-15','19:00:00','21:00:00','Conteúdo 1 da disciplina Excel Básico',NULL),
(38,10,'2026-03-22','19:00:00','21:00:00','Conteúdo 2 da disciplina Excel Básico',NULL),
(39,10,'2026-03-29','19:00:00','21:00:00','Conteúdo 3 da disciplina Excel Básico',NULL),
(40,10,'2026-04-05','19:00:00','21:00:00','Conteúdo 4 da disciplina Excel Básico',NULL),
(41,11,'2026-03-15','19:00:00','21:00:00','Conteúdo 1 da disciplina Excel Intermediário',NULL),
(42,11,'2026-03-22','19:00:00','21:00:00','Conteúdo 2 da disciplina Excel Intermediário',NULL),
(43,11,'2026-03-29','19:00:00','21:00:00','Conteúdo 3 da disciplina Excel Intermediário',NULL),
(44,11,'2026-04-05','19:00:00','21:00:00','Conteúdo 4 da disciplina Excel Intermediário',NULL),
(45,12,'2026-03-15','19:00:00','21:00:00','Conteúdo 1 da disciplina Dashboards no Excel',NULL),
(46,12,'2026-03-22','19:00:00','21:00:00','Conteúdo 2 da disciplina Dashboards no Excel',NULL),
(47,12,'2026-03-29','19:00:00','21:00:00','Conteúdo 3 da disciplina Dashboards no Excel',NULL),
(48,12,'2026-04-05','19:00:00','21:00:00','Conteúdo 4 da disciplina Dashboards no Excel',NULL),
(49,13,'2026-03-03','19:00:00','21:00:00','Conteúdo 1 da disciplina HTML e CSS',NULL),
(50,13,'2026-03-10','19:00:00','21:00:00','Conteúdo 2 da disciplina HTML e CSS',NULL),
(51,13,'2026-03-17','19:00:00','21:00:00','Conteúdo 3 da disciplina HTML e CSS',NULL),
(52,13,'2026-03-24','19:00:00','21:00:00','Conteúdo 4 da disciplina HTML e CSS',NULL),
(53,14,'2026-03-03','19:00:00','21:00:00','Conteúdo 1 da disciplina JavaScript',NULL),
(54,14,'2026-03-10','19:00:00','21:00:00','Conteúdo 2 da disciplina JavaScript',NULL),
(55,14,'2026-03-17','19:00:00','21:00:00','Conteúdo 3 da disciplina JavaScript',NULL),
(56,14,'2026-03-24','19:00:00','21:00:00','Conteúdo 4 da disciplina JavaScript',NULL),
(57,15,'2026-03-03','19:00:00','21:00:00','Conteúdo 1 da disciplina Projeto Web',NULL),
(58,15,'2026-03-10','19:00:00','21:00:00','Conteúdo 2 da disciplina Projeto Web',NULL),
(59,15,'2026-03-17','19:00:00','21:00:00','Conteúdo 3 da disciplina Projeto Web',NULL),
(60,15,'2026-03-24','19:00:00','21:00:00','Conteúdo 4 da disciplina Projeto Web',NULL),
(61,16,'2026-03-06','19:00:00','21:00:00','Conteúdo 1 da disciplina HTML e CSS',NULL),
(62,16,'2026-03-13','19:00:00','21:00:00','Conteúdo 2 da disciplina HTML e CSS',NULL),
(63,16,'2026-03-20','19:00:00','21:00:00','Conteúdo 3 da disciplina HTML e CSS',NULL),
(64,16,'2026-03-27','19:00:00','21:00:00','Conteúdo 4 da disciplina HTML e CSS',NULL),
(65,17,'2026-03-06','19:00:00','21:00:00','Conteúdo 1 da disciplina JavaScript',NULL),
(66,17,'2026-03-13','19:00:00','21:00:00','Conteúdo 2 da disciplina JavaScript',NULL),
(67,17,'2026-03-20','19:00:00','21:00:00','Conteúdo 3 da disciplina JavaScript',NULL),
(68,17,'2026-03-27','19:00:00','21:00:00','Conteúdo 4 da disciplina JavaScript',NULL),
(69,18,'2026-03-06','19:00:00','21:00:00','Conteúdo 1 da disciplina Projeto Web',NULL),
(70,18,'2026-03-13','19:00:00','21:00:00','Conteúdo 2 da disciplina Projeto Web',NULL),
(71,18,'2026-03-20','19:00:00','21:00:00','Conteúdo 3 da disciplina Projeto Web',NULL),
(72,18,'2026-03-27','19:00:00','21:00:00','Conteúdo 4 da disciplina Projeto Web',NULL),
(73,19,'2026-03-09','19:00:00','21:00:00','Conteúdo 1 da disciplina Modelagem de Dados',NULL),
(74,19,'2026-03-16','19:00:00','21:00:00','Conteúdo 2 da disciplina Modelagem de Dados',NULL),
(75,19,'2026-03-23','19:00:00','21:00:00','Conteúdo 3 da disciplina Modelagem de Dados',NULL),
(76,19,'2026-03-30','19:00:00','21:00:00','Conteúdo 4 da disciplina Modelagem de Dados',NULL),
(77,20,'2026-03-09','19:00:00','21:00:00','Conteúdo 1 da disciplina SQL',NULL),
(78,20,'2026-03-16','19:00:00','21:00:00','Conteúdo 2 da disciplina SQL',NULL),
(79,20,'2026-03-23','19:00:00','21:00:00','Conteúdo 3 da disciplina SQL',NULL),
(80,20,'2026-03-30','19:00:00','21:00:00','Conteúdo 4 da disciplina SQL',NULL),
(81,21,'2026-03-09','19:00:00','21:00:00','Conteúdo 1 da disciplina Administração Básica de BD',NULL),
(82,21,'2026-03-16','19:00:00','21:00:00','Conteúdo 2 da disciplina Administração Básica de BD',NULL),
(83,21,'2026-03-23','19:00:00','21:00:00','Conteúdo 3 da disciplina Administração Básica de BD',NULL),
(84,21,'2026-03-30','19:00:00','21:00:00','Conteúdo 4 da disciplina Administração Básica de BD',NULL),
(85,22,'2026-03-12','19:00:00','21:00:00','Conteúdo 1 da disciplina Modelagem de Dados',NULL),
(86,22,'2026-03-19','19:00:00','21:00:00','Conteúdo 2 da disciplina Modelagem de Dados',NULL),
(87,22,'2026-03-26','19:00:00','21:00:00','Conteúdo 3 da disciplina Modelagem de Dados',NULL),
(88,22,'2026-04-02','19:00:00','21:00:00','Conteúdo 4 da disciplina Modelagem de Dados',NULL),
(89,23,'2026-03-12','19:00:00','21:00:00','Conteúdo 1 da disciplina SQL',NULL),
(90,23,'2026-03-19','19:00:00','21:00:00','Conteúdo 2 da disciplina SQL',NULL),
(91,23,'2026-03-26','19:00:00','21:00:00','Conteúdo 3 da disciplina SQL',NULL),
(92,23,'2026-04-02','19:00:00','21:00:00','Conteúdo 4 da disciplina SQL',NULL),
(93,24,'2026-03-12','19:00:00','21:00:00','Conteúdo 1 da disciplina Administração Básica de BD',NULL),
(94,24,'2026-03-19','19:00:00','21:00:00','Conteúdo 2 da disciplina Administração Básica de BD',NULL),
(95,24,'2026-03-26','19:00:00','21:00:00','Conteúdo 3 da disciplina Administração Básica de BD',NULL),
(96,24,'2026-04-02','19:00:00','21:00:00','Conteúdo 4 da disciplina Administração Básica de BD',NULL),
(97,25,'2026-03-15','19:00:00','21:00:00','Conteúdo 1 da disciplina Fundamentos do Design',NULL),
(98,25,'2026-03-22','19:00:00','21:00:00','Conteúdo 2 da disciplina Fundamentos do Design',NULL),
(99,25,'2026-03-29','19:00:00','21:00:00','Conteúdo 3 da disciplina Fundamentos do Design',NULL),
(100,25,'2026-04-05','19:00:00','21:00:00','Conteúdo 4 da disciplina Fundamentos do Design',NULL),
(101,26,'2026-03-15','19:00:00','21:00:00','Conteúdo 1 da disciplina Edição de Imagens',NULL),
(102,26,'2026-03-22','19:00:00','21:00:00','Conteúdo 2 da disciplina Edição de Imagens',NULL),
(103,26,'2026-03-29','19:00:00','21:00:00','Conteúdo 3 da disciplina Edição de Imagens',NULL),
(104,26,'2026-04-05','19:00:00','21:00:00','Conteúdo 4 da disciplina Edição de Imagens',NULL),
(105,27,'2026-03-15','19:00:00','21:00:00','Conteúdo 1 da disciplina Projeto Visual',NULL),
(106,27,'2026-03-22','19:00:00','21:00:00','Conteúdo 2 da disciplina Projeto Visual',NULL),
(107,27,'2026-03-29','19:00:00','21:00:00','Conteúdo 3 da disciplina Projeto Visual',NULL),
(108,27,'2026-04-05','19:00:00','21:00:00','Conteúdo 4 da disciplina Projeto Visual',NULL),
(109,28,'2026-03-03','19:00:00','21:00:00','Conteúdo 1 da disciplina Fundamentos do Design',NULL),
(110,28,'2026-03-10','19:00:00','21:00:00','Conteúdo 2 da disciplina Fundamentos do Design',NULL),
(111,28,'2026-03-17','19:00:00','21:00:00','Conteúdo 3 da disciplina Fundamentos do Design',NULL),
(112,28,'2026-03-24','19:00:00','21:00:00','Conteúdo 4 da disciplina Fundamentos do Design',NULL),
(113,29,'2026-03-03','19:00:00','21:00:00','Conteúdo 1 da disciplina Edição de Imagens',NULL),
(114,29,'2026-03-10','19:00:00','21:00:00','Conteúdo 2 da disciplina Edição de Imagens',NULL),
(115,29,'2026-03-17','19:00:00','21:00:00','Conteúdo 3 da disciplina Edição de Imagens',NULL),
(116,29,'2026-03-24','19:00:00','21:00:00','Conteúdo 4 da disciplina Edição de Imagens',NULL),
(117,30,'2026-03-03','19:00:00','21:00:00','Conteúdo 1 da disciplina Projeto Visual',NULL),
(118,30,'2026-03-10','19:00:00','21:00:00','Conteúdo 2 da disciplina Projeto Visual',NULL),
(119,30,'2026-03-17','19:00:00','21:00:00','Conteúdo 3 da disciplina Projeto Visual',NULL),
(120,30,'2026-03-24','19:00:00','21:00:00','Conteúdo 4 da disciplina Projeto Visual',NULL),
(121,31,'2026-03-06','19:00:00','21:00:00','Conteúdo 1 da disciplina Redes Sociais',NULL),
(122,31,'2026-03-13','19:00:00','21:00:00','Conteúdo 2 da disciplina Redes Sociais',NULL),
(123,31,'2026-03-20','19:00:00','21:00:00','Conteúdo 3 da disciplina Redes Sociais',NULL),
(124,31,'2026-03-27','19:00:00','21:00:00','Conteúdo 4 da disciplina Redes Sociais',NULL),
(125,32,'2026-03-06','19:00:00','21:00:00','Conteúdo 1 da disciplina Produção de Conteúdo',NULL),
(126,32,'2026-03-13','19:00:00','21:00:00','Conteúdo 2 da disciplina Produção de Conteúdo',NULL),
(127,32,'2026-03-20','19:00:00','21:00:00','Conteúdo 3 da disciplina Produção de Conteúdo',NULL),
(128,32,'2026-03-27','19:00:00','21:00:00','Conteúdo 4 da disciplina Produção de Conteúdo',NULL),
(129,33,'2026-03-06','19:00:00','21:00:00','Conteúdo 1 da disciplina Campanhas Digitais',NULL),
(130,33,'2026-03-13','19:00:00','21:00:00','Conteúdo 2 da disciplina Campanhas Digitais',NULL),
(131,33,'2026-03-20','19:00:00','21:00:00','Conteúdo 3 da disciplina Campanhas Digitais',NULL),
(132,33,'2026-03-27','19:00:00','21:00:00','Conteúdo 4 da disciplina Campanhas Digitais',NULL),
(133,34,'2026-03-09','19:00:00','21:00:00','Conteúdo 1 da disciplina Redes Sociais',NULL),
(134,34,'2026-03-16','19:00:00','21:00:00','Conteúdo 2 da disciplina Redes Sociais',NULL),
(135,34,'2026-03-23','19:00:00','21:00:00','Conteúdo 3 da disciplina Redes Sociais',NULL),
(136,34,'2026-03-30','19:00:00','21:00:00','Conteúdo 4 da disciplina Redes Sociais',NULL),
(137,35,'2026-03-09','19:00:00','21:00:00','Conteúdo 1 da disciplina Produção de Conteúdo',NULL),
(138,35,'2026-03-16','19:00:00','21:00:00','Conteúdo 2 da disciplina Produção de Conteúdo',NULL),
(139,35,'2026-03-23','19:00:00','21:00:00','Conteúdo 3 da disciplina Produção de Conteúdo',NULL),
(140,35,'2026-03-30','19:00:00','21:00:00','Conteúdo 4 da disciplina Produção de Conteúdo',NULL),
(141,36,'2026-03-09','19:00:00','21:00:00','Conteúdo 1 da disciplina Campanhas Digitais',NULL),
(142,36,'2026-03-16','19:00:00','21:00:00','Conteúdo 2 da disciplina Campanhas Digitais',NULL),
(143,36,'2026-03-23','19:00:00','21:00:00','Conteúdo 3 da disciplina Campanhas Digitais',NULL),
(144,36,'2026-03-30','19:00:00','21:00:00','Conteúdo 4 da disciplina Campanhas Digitais',NULL),
(145,37,'2026-03-12','19:00:00','21:00:00','Conteúdo 1 da disciplina Rotinas Administrativas',NULL),
(146,37,'2026-03-19','19:00:00','21:00:00','Conteúdo 2 da disciplina Rotinas Administrativas',NULL),
(147,37,'2026-03-26','19:00:00','21:00:00','Conteúdo 3 da disciplina Rotinas Administrativas',NULL),
(148,37,'2026-04-02','19:00:00','21:00:00','Conteúdo 4 da disciplina Rotinas Administrativas',NULL),
(149,38,'2026-03-12','19:00:00','21:00:00','Conteúdo 1 da disciplina Atendimento e Documentos',NULL),
(150,38,'2026-03-19','19:00:00','21:00:00','Conteúdo 2 da disciplina Atendimento e Documentos',NULL),
(151,38,'2026-03-26','19:00:00','21:00:00','Conteúdo 3 da disciplina Atendimento e Documentos',NULL),
(152,38,'2026-04-02','19:00:00','21:00:00','Conteúdo 4 da disciplina Atendimento e Documentos',NULL),
(153,39,'2026-03-12','19:00:00','21:00:00','Conteúdo 1 da disciplina Noções de Finanças',NULL),
(154,39,'2026-03-19','19:00:00','21:00:00','Conteúdo 2 da disciplina Noções de Finanças',NULL),
(155,39,'2026-03-26','19:00:00','21:00:00','Conteúdo 3 da disciplina Noções de Finanças',NULL),
(156,39,'2026-04-02','19:00:00','21:00:00','Conteúdo 4 da disciplina Noções de Finanças',NULL),
(157,40,'2026-03-15','19:00:00','21:00:00','Conteúdo 1 da disciplina Rotinas Administrativas',NULL),
(158,40,'2026-03-22','19:00:00','21:00:00','Conteúdo 2 da disciplina Rotinas Administrativas',NULL),
(159,40,'2026-03-29','19:00:00','21:00:00','Conteúdo 3 da disciplina Rotinas Administrativas',NULL),
(160,40,'2026-04-05','19:00:00','21:00:00','Conteúdo 4 da disciplina Rotinas Administrativas',NULL),
(161,41,'2026-03-15','19:00:00','21:00:00','Conteúdo 1 da disciplina Atendimento e Documentos',NULL),
(162,41,'2026-03-22','19:00:00','21:00:00','Conteúdo 2 da disciplina Atendimento e Documentos',NULL),
(163,41,'2026-03-29','19:00:00','21:00:00','Conteúdo 3 da disciplina Atendimento e Documentos',NULL),
(164,41,'2026-04-05','19:00:00','21:00:00','Conteúdo 4 da disciplina Atendimento e Documentos',NULL),
(165,42,'2026-03-15','19:00:00','21:00:00','Conteúdo 1 da disciplina Noções de Finanças',NULL),
(166,42,'2026-03-22','19:00:00','21:00:00','Conteúdo 2 da disciplina Noções de Finanças',NULL),
(167,42,'2026-03-29','19:00:00','21:00:00','Conteúdo 3 da disciplina Noções de Finanças',NULL),
(168,42,'2026-04-05','19:00:00','21:00:00','Conteúdo 4 da disciplina Noções de Finanças',NULL),
(169,43,'2026-03-03','19:00:00','21:00:00','Conteúdo 1 da disciplina Lógica com Python',NULL),
(170,43,'2026-03-10','19:00:00','21:00:00','Conteúdo 2 da disciplina Lógica com Python',NULL),
(171,43,'2026-03-17','19:00:00','21:00:00','Conteúdo 3 da disciplina Lógica com Python',NULL),
(172,43,'2026-03-24','19:00:00','21:00:00','Conteúdo 4 da disciplina Lógica com Python',NULL),
(173,44,'2026-03-03','19:00:00','21:00:00','Conteúdo 1 da disciplina Estruturas de Dados',NULL),
(174,44,'2026-03-10','19:00:00','21:00:00','Conteúdo 2 da disciplina Estruturas de Dados',NULL),
(175,44,'2026-03-17','19:00:00','21:00:00','Conteúdo 3 da disciplina Estruturas de Dados',NULL),
(176,44,'2026-03-24','19:00:00','21:00:00','Conteúdo 4 da disciplina Estruturas de Dados',NULL),
(177,45,'2026-03-03','19:00:00','21:00:00','Conteúdo 1 da disciplina Automação com Python',NULL),
(178,45,'2026-03-10','19:00:00','21:00:00','Conteúdo 2 da disciplina Automação com Python',NULL),
(179,45,'2026-03-17','19:00:00','21:00:00','Conteúdo 3 da disciplina Automação com Python',NULL),
(180,45,'2026-03-24','19:00:00','21:00:00','Conteúdo 4 da disciplina Automação com Python',NULL),
(181,46,'2026-03-06','19:00:00','21:00:00','Conteúdo 1 da disciplina Lógica com Python',NULL),
(182,46,'2026-03-13','19:00:00','21:00:00','Conteúdo 2 da disciplina Lógica com Python',NULL),
(183,46,'2026-03-20','19:00:00','21:00:00','Conteúdo 3 da disciplina Lógica com Python',NULL),
(184,46,'2026-03-27','19:00:00','21:00:00','Conteúdo 4 da disciplina Lógica com Python',NULL),
(185,47,'2026-03-06','19:00:00','21:00:00','Conteúdo 1 da disciplina Estruturas de Dados',NULL),
(186,47,'2026-03-13','19:00:00','21:00:00','Conteúdo 2 da disciplina Estruturas de Dados',NULL),
(187,47,'2026-03-20','19:00:00','21:00:00','Conteúdo 3 da disciplina Estruturas de Dados',NULL),
(188,47,'2026-03-27','19:00:00','21:00:00','Conteúdo 4 da disciplina Estruturas de Dados',NULL),
(189,48,'2026-03-06','19:00:00','21:00:00','Conteúdo 1 da disciplina Automação com Python',NULL),
(190,48,'2026-03-13','19:00:00','21:00:00','Conteúdo 2 da disciplina Automação com Python',NULL),
(191,48,'2026-03-20','19:00:00','21:00:00','Conteúdo 3 da disciplina Automação com Python',NULL),
(192,48,'2026-03-27','19:00:00','21:00:00','Conteúdo 4 da disciplina Automação com Python',NULL),
(193,49,'2026-03-09','19:00:00','21:00:00','Conteúdo 1 da disciplina Montagem de Computadores',NULL),
(194,49,'2026-03-16','19:00:00','21:00:00','Conteúdo 2 da disciplina Montagem de Computadores',NULL),
(195,49,'2026-03-23','19:00:00','21:00:00','Conteúdo 3 da disciplina Montagem de Computadores',NULL),
(196,49,'2026-03-30','19:00:00','21:00:00','Conteúdo 4 da disciplina Montagem de Computadores',NULL),
(197,50,'2026-03-09','19:00:00','21:00:00','Conteúdo 1 da disciplina Manutenção Preventiva',NULL),
(198,50,'2026-03-16','19:00:00','21:00:00','Conteúdo 2 da disciplina Manutenção Preventiva',NULL),
(199,50,'2026-03-23','19:00:00','21:00:00','Conteúdo 3 da disciplina Manutenção Preventiva',NULL),
(200,50,'2026-03-30','19:00:00','21:00:00','Conteúdo 4 da disciplina Manutenção Preventiva',NULL),
(201,51,'2026-03-09','19:00:00','21:00:00','Conteúdo 1 da disciplina Diagnóstico de Hardware',NULL),
(202,51,'2026-03-16','19:00:00','21:00:00','Conteúdo 2 da disciplina Diagnóstico de Hardware',NULL),
(203,51,'2026-03-23','19:00:00','21:00:00','Conteúdo 3 da disciplina Diagnóstico de Hardware',NULL),
(204,51,'2026-03-30','19:00:00','21:00:00','Conteúdo 4 da disciplina Diagnóstico de Hardware',NULL),
(205,52,'2026-03-12','19:00:00','21:00:00','Conteúdo 1 da disciplina Montagem de Computadores',NULL),
(206,52,'2026-03-19','19:00:00','21:00:00','Conteúdo 2 da disciplina Montagem de Computadores',NULL),
(207,52,'2026-03-26','19:00:00','21:00:00','Conteúdo 3 da disciplina Montagem de Computadores',NULL),
(208,52,'2026-04-02','19:00:00','21:00:00','Conteúdo 4 da disciplina Montagem de Computadores',NULL),
(209,53,'2026-03-12','19:00:00','21:00:00','Conteúdo 1 da disciplina Manutenção Preventiva',NULL),
(210,53,'2026-03-19','19:00:00','21:00:00','Conteúdo 2 da disciplina Manutenção Preventiva',NULL),
(211,53,'2026-03-26','19:00:00','21:00:00','Conteúdo 3 da disciplina Manutenção Preventiva',NULL),
(212,53,'2026-04-02','19:00:00','21:00:00','Conteúdo 4 da disciplina Manutenção Preventiva',NULL),
(213,54,'2026-03-12','19:00:00','21:00:00','Conteúdo 1 da disciplina Diagnóstico de Hardware',NULL),
(214,54,'2026-03-19','19:00:00','21:00:00','Conteúdo 2 da disciplina Diagnóstico de Hardware',NULL),
(215,54,'2026-03-26','19:00:00','21:00:00','Conteúdo 3 da disciplina Diagnóstico de Hardware',NULL),
(216,54,'2026-04-02','19:00:00','21:00:00','Conteúdo 4 da disciplina Diagnóstico de Hardware',NULL),
(217,55,'2026-03-15','19:00:00','21:00:00','Conteúdo 1 da disciplina Comunicação Profissional',NULL),
(218,55,'2026-03-22','19:00:00','21:00:00','Conteúdo 2 da disciplina Comunicação Profissional',NULL),
(219,55,'2026-03-29','19:00:00','21:00:00','Conteúdo 3 da disciplina Comunicação Profissional',NULL),
(220,55,'2026-04-05','19:00:00','21:00:00','Conteúdo 4 da disciplina Comunicação Profissional',NULL),
(221,56,'2026-03-15','19:00:00','21:00:00','Conteúdo 1 da disciplina Relacionamento com Cliente',NULL),
(222,56,'2026-03-22','19:00:00','21:00:00','Conteúdo 2 da disciplina Relacionamento com Cliente',NULL),
(223,56,'2026-03-29','19:00:00','21:00:00','Conteúdo 3 da disciplina Relacionamento com Cliente',NULL),
(224,56,'2026-04-05','19:00:00','21:00:00','Conteúdo 4 da disciplina Relacionamento com Cliente',NULL),
(225,57,'2026-03-15','19:00:00','21:00:00','Conteúdo 1 da disciplina Ética no Atendimento',NULL),
(226,57,'2026-03-22','19:00:00','21:00:00','Conteúdo 2 da disciplina Ética no Atendimento',NULL),
(227,57,'2026-03-29','19:00:00','21:00:00','Conteúdo 3 da disciplina Ética no Atendimento',NULL),
(228,57,'2026-04-05','19:00:00','21:00:00','Conteúdo 4 da disciplina Ética no Atendimento',NULL),
(229,58,'2026-03-03','19:00:00','21:00:00','Conteúdo 1 da disciplina HTML e CSS',NULL),
(230,58,'2026-03-10','19:00:00','21:00:00','Conteúdo 2 da disciplina HTML e CSS',NULL),
(231,58,'2026-03-17','19:00:00','21:00:00','Conteúdo 3 da disciplina HTML e CSS',NULL),
(232,58,'2026-03-24','19:00:00','21:00:00','Conteúdo 4 da disciplina HTML e CSS',NULL),
(233,59,'2026-03-03','19:00:00','21:00:00','Conteúdo 1 da disciplina JavaScript',NULL),
(234,59,'2026-03-10','19:00:00','21:00:00','Conteúdo 2 da disciplina JavaScript',NULL),
(235,59,'2026-03-17','19:00:00','21:00:00','Conteúdo 3 da disciplina JavaScript',NULL),
(236,59,'2026-03-24','19:00:00','21:00:00','Conteúdo 4 da disciplina JavaScript',NULL),
(237,60,'2026-03-03','19:00:00','21:00:00','Conteúdo 1 da disciplina Projeto Web',NULL),
(238,60,'2026-03-10','19:00:00','21:00:00','Conteúdo 2 da disciplina Projeto Web',NULL),
(239,60,'2026-03-17','19:00:00','21:00:00','Conteúdo 3 da disciplina Projeto Web',NULL),
(240,60,'2026-03-24','19:00:00','21:00:00','Conteúdo 4 da disciplina Projeto Web',NULL);

COMMIT;

CREATE TABLE sala (
  codigo_sala INT GENERATED BY DEFAULT AS IDENTITY (START WITH 9) PRIMARY KEY,
  nome VARCHAR(60) NOT NULL,
  capacidade INT NOT NULL,
  tipo VARCHAR(40) DEFAULT NULL,
  localizacao VARCHAR(100) DEFAULT NULL,
  situacao VARCHAR(20) NOT NULL
);

BEGIN;

-- Lock na tabela que será liberado automaticamente no COMMIT
LOCK TABLE sala IN EXCLUSIVE MODE;

INSERT INTO sala VALUES 
(1,'Laboratório 01',30,'Laboratório de informática','Bloco A - térreo','Ativa'),
(2,'Laboratório 02',25,'Laboratório de informática','Bloco A - 1º andar','Ativa'),
(3,'Laboratório Hardware',20,'Laboratório técnico','Bloco C','Ativa'),
(4,'Sala 01',40,'Sala comum','Bloco B - térreo','Ativa'),
(5,'Sala 02',35,'Sala comum','Bloco B - 1º andar','Ativa'),
(6,'Sala Maker',25,'Laboratório técnico','Bloco C - 1º andar','Ativa'),
(7,'Auditório',80,'Auditório','Bloco Central','Ativa'),
(8,'Sala 03',30,'Sala comum','Bloco B - 2º andar','Inativa');

-- Garante que o contador interno (identity) saiba que os IDs de 1 a 8 já estão ocupados
SELECT setval(pg_get_serial_sequence('sala', 'codigo_sala'), COALESCE(MAX(codigo_sala), 1)) FROM sala;

COMMIT;

CREATE TABLE matricula (
  codigo_matricula INT GENERATED BY DEFAULT AS IDENTITY (START WITH 81) PRIMARY KEY,
  codigo_aluno INT NOT NULL,
  codigo_turma INT NOT NULL,
  data_matricula DATE NOT NULL,
  situacao VARCHAR(20) NOT NULL,
  CONSTRAINT matricula_ibfk_1 FOREIGN KEY (codigo_aluno) REFERENCES aluno (codigo_aluno),
  CONSTRAINT matricula_ibfk_2 FOREIGN KEY (codigo_turma) REFERENCES turma (codigo_turma)
);

-- Criando índices para otimizar buscas (o MySQL faz isso automático nas FKs, o Postgres exige o comando)
CREATE INDEX idx_matricula_aluno ON matricula (codigo_aluno);
CREATE INDEX idx_matricula_turma ON matricula (codigo_turma);

BEGIN;

-- Lock na tabela que será liberado automaticamente no COMMIT
LOCK TABLE matricula IN EXCLUSIVE MODE;

INSERT INTO matricula VALUES 
(1,1,1,'2026-03-01','Concluído'), (2,2,1,'2026-03-01','Concluído'), (3,3,1,'2026-03-01','Concluído'), 
(4,4,1,'2026-01-10','Concluído'), (5,5,1,'2026-01-10','Concluído'), (6,6,1,'2026-01-10','Concluído'), 
(7,7,1,'2026-01-10','Ativa'), (8,8,1,'2026-01-10','Ativa'), (9,9,1,'2026-01-10','Ativa'), 
(10,10,1,'2026-01-10','Ativa'), (11,11,1,'2026-01-10','Ativa'), (12,12,1,'2026-01-10','Ativa'), 
(13,13,1,'2026-01-10','Ativa'), (14,14,1,'2026-01-10','Ativa'), (15,15,1,'2026-02-05','Ativa'), 
(16,16,1,'2026-02-05','Ativa'), (17,17,1,'2026-02-05','Ativa'), (18,18,1,'2026-02-05','Ativa'), 
(19,19,1,'2026-02-05','Ativa'), (20,20,1,'2026-02-05','Ativa'), (21,21,1,'2026-02-05','Ativa'), 
(22,22,1,'2026-02-05','Ativa'), (23,23,1,'2026-02-05','Ativa'), (24,24,1,'2026-02-05','Ativa'), 
(25,25,1,'2026-02-05','Ativa'), (26,1,2,'2026-01-05','Ativa'), (27,2,3,'2026-02-06','Ativa'), 
(28,3,4,'2026-03-07','Concluído'), (29,4,5,'2026-04-08','Trancado'), (30,5,6,'2026-05-09','Desistente'), 
(31,6,7,'2026-01-10','Aprovado'), (32,7,8,'2026-02-11','Reprovado'), (33,8,9,'2026-03-12','Ativa'), 
(34,9,10,'2026-04-13','Ativa'), (35,10,11,'2026-05-14','Concluído'), (36,11,12,'2026-01-15','Trancado'), 
(37,12,13,'2026-02-16','Desistente'), (38,13,14,'2026-03-17','Aprovado'), (39,14,15,'2026-04-18','Reprovado'), 
(40,15,16,'2026-05-19','Ativa'), (41,16,17,'2026-01-20','Ativa'), (42,17,18,'2026-02-21','Concluído'), 
(43,18,19,'2026-03-22','Trancado'), (44,19,20,'2026-04-23','Desistente'), (45,20,2,'2026-05-24','Aprovado'), 
(46,21,3,'2026-01-05','Reprovado'), (47,22,4,'2026-02-06','Ativa'), (48,23,5,'2026-03-07','Ativa'), 
(49,24,6,'2026-04-08','Concluído'), (50,25,7,'2026-05-09','Trancado'), (51,26,8,'2026-01-10','Desistente'), 
(52,27,9,'2026-02-11','Aprovado'), (53,28,10,'2026-03-12','Reprovado'), (54,29,11,'2026-04-13','Ativa'), 
(55,30,12,'2026-05-14','Ativa'), (56,31,13,'2026-01-15','Concluído'), (57,32,14,'2026-02-16','Trancado'), 
(58,33,15,'2026-03-17','Desistente'), (59,34,16,'2026-04-18','Aprovado'), (60,35,17,'2026-05-19','Reprovado'), 
(61,36,18,'2026-01-20','Ativa'), (62,37,19,'2026-02-21','Ativa'), (63,38,20,'2026-03-22','Concluído'), 
(64,39,2,'2026-04-23','Trancado'), (65,40,3,'2026-05-24','Desistente'), (66,41,4,'2026-01-05','Aprovado'), 
(67,42,5,'2026-02-06','Reprovado'), (68,43,6,'2026-03-07','Ativa'), (69,44,7,'2026-04-08','Ativa'), 
(70,45,8,'2026-05-09','Concluído'), (71,46,9,'2026-01-10','Trancado'), (72,47,10,'2026-02-11','Desistente'), 
(73,48,11,'2026-03-12','Aprovado'), (74,49,12,'2026-04-13','Reprovado'), (75,50,13,'2026-05-14','Ativa'), 
(76,1,14,'2026-01-15','Ativa'), (77,2,15,'2026-02-16','Concluído'), (78,3,16,'2026-03-17','Trancado'), 
(79,4,17,'2026-04-18','Desistente'), (80,5,18,'2026-05-19','Aprovado');

-- Garante que o contador interno (identity) saiba que os IDs de 1 a 80 já estão ocupados
SELECT setval(pg_get_serial_sequence('matricula', 'codigo_matricula'), COALESCE(MAX(codigo_matricula), 1)) FROM matricula;

COMMIT;

CREATE TABLE resultado_disciplina (
  codigo_resultado INT GENERATED BY DEFAULT AS IDENTITY (START WITH 241) PRIMARY KEY,
  codigo_matricula INT NOT NULL,
  codigo_disciplina INT NOT NULL,
  media_final DECIMAL(5,2) DEFAULT NULL,
  percentual_frequencia DECIMAL(5,2) DEFAULT NULL,
  situacao VARCHAR(40) NOT NULL,
  observacao VARCHAR(200) DEFAULT NULL,
  CONSTRAINT resultado_disciplina_ibfk_1 FOREIGN KEY (codigo_matricula) REFERENCES matricula (codigo_matricula),
  CONSTRAINT resultado_disciplina_ibfk_2 FOREIGN KEY (codigo_disciplina) REFERENCES disciplina (codigo_disciplina)
);

-- Criando os índices para otimizar as buscas por matrícula e disciplina
CREATE INDEX idx_resultado_matricula ON resultado_disciplina (codigo_matricula);
CREATE INDEX idx_resultado_disciplina ON resultado_disciplina (codigo_disciplina);

BEGIN;

-- Lock na tabela que será liberado automaticamente no COMMIT
LOCK TABLE resultado_disciplina IN EXCLUSIVE MODE;

INSERT INTO resultado_disciplina VALUES 
(1,1,1,8.20,100.00,'Aprovado',NULL), (2,1,2,7.95,100.00,'Aprovado',NULL), (3,1,3,9.40,100.00,'Aprovado',NULL), 
(4,2,1,8.95,100.00,'Aprovado',NULL), (5,2,2,8.35,100.00,'Aprovado',NULL), (6,2,3,8.45,100.00,'Aprovado',NULL), 
(7,3,1,9.30,100.00,'Aprovado',NULL), (8,3,2,8.95,100.00,'Aprovado',NULL), (9,3,3,9.20,100.00,'Aprovado',NULL), 
(10,4,1,8.25,100.00,'Aprovado',NULL), (11,4,2,7.25,100.00,'Aprovado',NULL), (12,4,3,7.65,100.00,'Aprovado',NULL), 
(13,5,1,8.95,100.00,'Aprovado',NULL), (14,5,2,8.80,100.00,'Aprovado',NULL), (15,5,3,8.65,100.00,'Aprovado',NULL), 
(16,6,1,8.10,100.00,'Aprovado',NULL), (17,6,2,8.75,100.00,'Aprovado',NULL), (18,6,3,8.65,100.00,'Aprovado',NULL), 
(19,7,1,8.15,100.00,'Aprovado',NULL), (20,7,2,7.45,100.00,'Aprovado',NULL), (21,7,3,8.35,100.00,'Aprovado',NULL), 
(22,8,1,8.35,100.00,'Aprovado',NULL), (23,8,2,9.05,100.00,'Aprovado',NULL), (24,8,3,8.20,100.00,'Aprovado',NULL), 
(25,9,1,9.00,75.00,'Aprovado',NULL), (26,9,2,8.75,75.00,'Aprovado',NULL), (27,9,3,7.30,75.00,'Aprovado',NULL), 
(28,10,1,8.40,100.00,'Aprovado',NULL), (29,10,2,8.25,100.00,'Aprovado',NULL), (30,10,3,7.10,100.00,'Aprovado',NULL), 
(31,11,1,5.20,100.00,'Reprovado por Nota',NULL), (32,11,2,5.70,100.00,'Reprovado por Nota',NULL), (33,11,3,5.00,100.00,'Reprovado por Nota',NULL), 
(34,12,1,8.30,100.00,'Aprovado',NULL), (35,12,2,8.40,100.00,'Aprovado',NULL), (36,12,3,8.65,100.00,'Aprovado',NULL), 
(37,13,1,6.15,100.00,'Reprovado por Nota',NULL), (38,13,2,6.35,100.00,'Reprovado por Nota',NULL), (39,13,3,6.50,100.00,'Reprovado por Nota',NULL), 
(40,14,1,7.70,100.00,'Aprovado',NULL), (41,14,2,8.60,100.00,'Aprovado',NULL), (42,14,3,8.00,100.00,'Aprovado',NULL), 
(43,15,1,9.10,100.00,'Aprovado',NULL), (44,15,2,8.35,100.00,'Aprovado',NULL), (45,15,3,8.95,100.00,'Aprovado',NULL), 
(46,16,1,8.30,100.00,'Aprovado',NULL), (47,16,2,8.95,100.00,'Aprovado',NULL), (48,16,3,7.05,100.00,'Aprovado',NULL), 
(49,17,1,8.35,50.00,'Reprovado por Frequência',NULL), (50,17,2,7.60,50.00,'Reprovado por Frequência',NULL), (51,17,3,7.95,50.00,'Reprovado por Frequência',NULL), 
(52,18,1,8.20,75.00,'Aprovado',NULL), (53,18,2,9.20,75.00,'Aprovado',NULL), (54,18,3,8.45,75.00,'Aprovado',NULL), 
(55,19,1,9.25,100.00,'Aprovado',NULL), (56,19,2,7.90,100.00,'Aprovado',NULL), (57,19,3,8.95,100.00,'Aprovado',NULL), 
(58,20,1,8.30,100.00,'Aprovado',NULL), (59,20,2,8.00,100.00,'Aprovado',NULL), (60,20,3,7.20,100.00,'Aprovado',NULL), 
(61,21,1,8.55,100.00,'Aprovado',NULL), (62,21,2,8.65,100.00,'Aprovado',NULL), (63,21,3,8.05,100.00,'Aprovado',NULL), 
(64,22,1,4.70,100.00,'Reprovado por Nota',NULL), (65,22,2,6.30,100.00,'Reprovado por Nota',NULL), (66,22,3,5.80,100.00,'Reprovado por Nota',NULL), 
(67,23,1,9.60,100.00,'Aprovado',NULL), (68,23,2,8.75,100.00,'Aprovado',NULL), (69,23,3,8.10,100.00,'Aprovado',NULL), 
(70,24,1,8.70,100.00,'Aprovado',NULL), (71,24,2,8.30,100.00,'Aprovado',NULL), (72,24,3,8.35,100.00,'Aprovado',NULL), 
(73,25,1,7.85,100.00,'Aprovado',NULL), (74,25,2,7.90,100.00,'Aprovado',NULL), (75,25,3,9.40,100.00,'Aprovado',NULL), 
(76,26,4,6.15,100.00,'Reprovado por Nota',NULL), (77,26,5,6.10,100.00,'Reprovado por Nota',NULL), (78,26,6,5.90,100.00,'Reprovado por Nota',NULL), 
(79,27,7,7.55,75.00,'Aprovado',NULL), (80,27,8,8.95,75.00,'Aprovado',NULL), (81,27,9,8.55,75.00,'Aprovado',NULL), 
(82,28,10,9.05,100.00,'Aprovado',NULL), (83,28,11,7.45,100.00,'Aprovado',NULL), (84,28,12,7.65,100.00,'Aprovado',NULL), 
(85,29,13,7.50,100.00,'Aprovado',NULL), (86,29,14,8.15,100.00,'Aprovado',NULL), (87,29,15,9.30,100.00,'Aprovado',NULL), 
(88,30,16,8.20,100.00,'Aprovado',NULL), (89,30,17,8.30,100.00,'Aprovado',NULL), (90,30,18,7.55,100.00,'Aprovado',NULL), 
(91,31,19,8.75,100.00,'Aprovado',NULL), (92,31,20,7.90,100.00,'Aprovado',NULL), (93,31,21,9.10,100.00,'Aprovado',NULL), 
(94,32,22,7.70,100.00,'Aprovado',NULL), (95,32,23,7.90,100.00,'Aprovado',NULL), (96,32,24,8.95,100.00,'Aprovado',NULL), 
(97,33,25,6.15,100.00,'Reprovado por Nota',NULL), (98,33,26,4.10,100.00,'Reprovado por Nota',NULL), (99,33,27,6.00,100.00,'Reprovado por Nota',NULL), 
(100,34,28,8.45,50.00,'Reprovado por Frequência',NULL), (101,34,29,7.55,50.00,'Reprovado por Frequência',NULL), (102,34,30,9.45,50.00,'Reprovado por Frequência',NULL), 
(103,35,31,9.55,100.00,'Aprovado',NULL), (104,35,32,7.50,100.00,'Aprovado',NULL), (105,35,33,7.95,100.00,'Aprovado',NULL), 
(106,36,34,9.25,75.00,'Aprovado',NULL), (107,36,35,8.90,75.00,'Aprovado',NULL), (108,36,36,8.70,75.00,'Aprovado',NULL), 
(109,37,37,7.80,100.00,'Aprovado',NULL), (110,37,38,8.45,100.00,'Aprovado',NULL), (111,37,39,9.20,100.00,'Aprovado',NULL), 
(112,38,40,7.65,100.00,'Aprovado',NULL), (113,38,41,8.25,100.00,'Aprovado',NULL), (114,38,42,8.15,100.00,'Aprovado',NULL), 
(115,39,43,5.90,100.00,'Reprovado por Nota',NULL), (116,39,44,6.15,100.00,'Reprovado por Nota',NULL), (117,39,45,6.05,100.00,'Reprovado por Nota',NULL), 
(118,40,46,7.40,100.00,'Aprovado',NULL), (119,40,47,9.00,100.00,'Aprovado',NULL), (120,40,48,9.15,100.00,'Aprovado',NULL), 
(121,41,49,8.00,100.00,'Aprovado',NULL), (122,41,50,8.70,100.00,'Aprovado',NULL), (123,41,51,8.45,100.00,'Aprovado',NULL), 
(124,42,52,7.75,100.00,'Aprovado',NULL), (125,42,53,8.55,100.00,'Aprovado',NULL), (126,42,54,8.30,100.00,'Aprovado',NULL), 
(127,43,55,8.60,100.00,'Aprovado',NULL), (128,43,56,7.50,100.00,'Aprovado',NULL), (129,43,57,8.55,100.00,'Aprovado',NULL), 
(130,44,58,5.25,100.00,'Reprovado por Nota',NULL), (131,44,59,5.55,100.00,'Reprovado por Nota',NULL), (132,44,60,5.45,100.00,'Reprovado por Nota',NULL), 
(133,45,4,8.60,75.00,'Aprovado',NULL), (134,45,5,7.60,75.00,'Aprovado',NULL), (135,45,6,8.45,75.00,'Aprovado',NULL), 
(136,46,7,9.05,100.00,'Aprovado',NULL), (137,46,8,7.55,100.00,'Aprovado',NULL), (138,46,9,8.55,100.00,'Aprovado',NULL), 
(139,47,10,8.55,100.00,'Aprovado',NULL), (140,47,11,7.85,100.00,'Aprovado',NULL), (141,47,12,8.55,100.00,'Aprovado',NULL), 
(142,48,13,7.15,100.00,'Aprovado',NULL), (143,48,14,8.80,100.00,'Aprovado',NULL), (144,48,15,9.30,100.00,'Aprovado',NULL), 
(145,49,16,9.70,100.00,'Aprovado',NULL), (146,49,17,7.70,100.00,'Aprovado',NULL), (147,49,18,9.35,100.00,'Aprovado',NULL), 
(148,50,19,8.00,100.00,'Aprovado',NULL), (149,50,20,8.05,100.00,'Aprovado',NULL), (150,50,21,7.70,100.00,'Aprovado',NULL), 
(151,51,22,7.40,50.00,'Reprovado por Frequência',NULL), (152,51,23,8.85,50.00,'Reprovado por Frequência',NULL), (153,51,24,8.50,50.00,'Reprovado por Frequência',NULL), 
(154,52,25,5.90,100.00,'Reprovado por Nota',NULL), (155,52,26,6.70,100.00,'Reprovado por Nota',NULL), (156,52,27,5.85,100.00,'Reprovado por Nota',NULL), 
(157,53,28,8.15,100.00,'Aprovado',NULL), (158,53,29,8.55,100.00,'Aprovado',NULL), (159,53,30,8.75,100.00,'Aprovado',NULL), 
(160,54,31,7.65,75.00,'Aprovado',NULL), (161,54,32,9.20,75.00,'Aprovado',NULL), (162,54,33,7.10,75.00,'Aprovado',NULL), 
(163,55,34,5.25,100.00,'Reprovado por Nota',NULL), (164,55,35,5.25,100.00,'Reprovado por Nota',NULL), (165,55,36,5.50,100.00,'Reprovado por Nota',NULL), 
(166,56,37,8.75,100.00,'Aprovado',NULL), (167,56,38,8.20,100.00,'Aprovado',NULL), (168,56,39,8.45,100.00,'Aprovado',NULL), 
(169,57,40,7.40,100.00,'Aprovado',NULL), (170,57,41,9.35,100.00,'Aprovado',NULL), (171,57,42,9.20,100.00,'Aprovado',NULL), 
(172,58,43,7.40,100.00,'Aprovado',NULL), (173,58,44,9.00,100.00,'Aprovado',NULL), (174,58,45,8.90,100.00,'Aprovado',NULL), 
(175,59,46,7.95,100.00,'Aprovado',NULL), (176,59,47,9.00,100.00,'Aprovado',NULL), (177,59,48,8.35,100.00,'Aprovado',NULL), 
(178,60,49,9.20,100.00,'Aprovado',NULL), (179,60,50,8.95,100.00,'Aprovado',NULL), (180,60,51,7.90,100.00,'Aprovado',NULL), 
(181,61,52,8.60,100.00,'Aprovado',NULL), (182,61,53,7.40,100.00,'Aprovado',NULL), (183,61,54,8.40,100.00,'Aprovado',NULL), 
(184,62,55,7.15,100.00,'Aprovado',NULL), (185,62,56,8.20,100.00,'Aprovado',NULL), (186,62,57,9.60,100.00,'Aprovado',NULL), 
(187,63,58,8.75,75.00,'Aprovado',NULL), (188,63,59,7.25,75.00,'Aprovado',NULL), (189,63,60,8.70,75.00,'Aprovado',NULL), 
(190,64,4,8.00,100.00,'Aprovado',NULL), (191,64,5,8.45,100.00,'Aprovado',NULL), (192,64,6,9.00,100.00,'Aprovado',NULL), 
(193,65,7,6.55,100.00,'Reprovado por Nota',NULL), (194,65,8,6.20,100.00,'Reprovado por Nota',NULL), (195,65,9,6.10,100.00,'Reprovado por Nota',NULL), 
(196,66,10,5.35,100.00,'Reprovado por Nota',NULL), (197,66,11,4.55,100.00,'Reprovado por Nota',NULL), (198,66,12,4.50,100.00,'Reprovado por Nota',NULL), 
(199,67,13,9.05,100.00,'Aprovado',NULL), (200,67,14,8.00,100.00,'Aprovado',NULL), (201,67,15,9.10,100.00,'Aprovado',NULL), 
(202,68,16,8.45,50.00,'Reprovado por Frequência',NULL), (203,68,17,9.30,50.00,'Reprovado por Frequência',NULL), (204,68,18,7.80,50.00,'Reprovado por Frequência',NULL), 
(205,69,19,9.35,100.00,'Aprovado',NULL), (206,69,20,8.35,100.00,'Aprovado',NULL), (207,69,21,7.55,100.00,'Aprovado',NULL), 
(208,70,22,8.60,100.00,'Aprovado',NULL), (209,70,23,9.10,100.00,'Aprovado',NULL), (210,70,24,8.70,100.00,'Aprovado',NULL), 
(211,71,25,8.00,100.00,'Aprovado',NULL), (212,71,26,9.40,100.00,'Aprovado',NULL), (213,71,27,8.00,100.00,'Aprovado',NULL), 
(214,72,28,8.15,75.00,'Aprovado',NULL), (215,72,29,7.70,75.00,'Aprovado',NULL), (216,72,30,7.65,75.00,'Aprovado',NULL), 
(217,73,31,8.75,100.00,'Aprovado',NULL), (218,73,32,7.30,100.00,'Aprovado',NULL), (219,73,33,8.40,100.00,'Aprovado',NULL), 
(220,74,34,7.70,100.00,'Aprovado',NULL), (221,74,35,8.40,100.00,'Aprovado',NULL), (222,74,36,7.85,100.00,'Aprovado',NULL), 
(223,75,37,7.70,100.00,'Aprovado',NULL), (224,75,38,8.65,100.00,'Aprovado',NULL), (225,75,39,7.40,100.00,'Aprovado',NULL), 
(226,76,40,8.50,100.00,'Aprovado',NULL), (227,76,41,7.85,100.00,'Aprovado',NULL), (228,76,42,8.80,100.00,'Aprovado',NULL), 
(229,77,43,5.15,100.00,'Reprovado por Nota',NULL), (230,77,44,5.60,100.00,'Reprovado por Nota',NULL), (231,77,45,5.70,100.00,'Reprovado por Nota',NULL), 
(232,78,46,6.15,100.00,'Reprovado por Nota',NULL), (233,78,47,5.65,100.00,'Reprovado por Nota',NULL), (234,78,48,6.45,100.00,'Reprovado por Nota',NULL), 
(235,79,49,8.70,100.00,'Aprovado',NULL), (236,79,50,8.90,100.00,'Aprovado',NULL), (237,79,51,7.25,100.00,'Aprovado',NULL), 
(238,80,52,8.65,100.00,'Aprovado',NULL), (239,80,53,8.35,100.00,'Aprovado',NULL), (240,80,54,8.35,100.00,'Aprovado',NULL);

-- Garante que o contador interno (identity) saiba que os IDs de 1 a 240 já estão ocupados
SELECT setval(pg_get_serial_sequence('resultado_disciplina', 'codigo_resultado'), COALESCE(MAX(codigo_resultado), 1)) FROM resultado_disciplina;

COMMIT;

CREATE TABLE mensalidade (
  codigo_mensalidade INT GENERATED BY DEFAULT AS IDENTITY PRIMARY KEY,
  codigo_matricula INT NOT NULL,
  numero_parcela INT NOT NULL,
  data_vencimento DATE NOT NULL,
  data_pagamento DATE DEFAULT NULL,
  valor NUMERIC(8,2) NOT NULL,
  valor_pago NUMERIC(8,2) DEFAULT NULL,
  situacao VARCHAR(20) NOT NULL,
  forma_pagamento VARCHAR(30) DEFAULT NULL,
  CONSTRAINT mensalidade_ibfk_1 FOREIGN KEY (codigo_matricula) REFERENCES matricula (codigo_matricula)
);

-- Criando índice para otimizar buscas pela chave estrangeira
CREATE INDEX idx_mensalidade_matricula ON mensalidade (codigo_matricula);

BEGIN;

LOCK TABLE mensalidade IN EXCLUSIVE MODE;

INSERT INTO mensalidade VALUES 
(1,1,1,'2026-02-09','2026-02-07',180.00,180.00,'Paga','Cartão de crédito'),
(2,1,2,'2026-03-11','2026-03-08',180.00,180.00,'Paga','Pix'),
(3,1,3,'2026-04-10','2026-04-10',180.00,180.00,'Paga','Pix'),
(4,2,1,'2026-02-09','2026-02-07',180.00,180.00,'Paga','Pix'),
(5,2,2,'2026-03-11','2026-03-10',180.00,180.00,'Paga','Pix'),
(6,2,3,'2026-04-10','2026-04-10',180.00,180.00,'Paga','Boleto'),
(7,3,1,'2026-02-09','2026-02-06',180.00,180.00,'Paga','Pix'),
(8,3,2,'2026-03-11','2026-03-10',180.00,180.00,'Paga','Pix'),
(9,3,3,'2026-04-10','2026-04-07',180.00,180.00,'Paga','Pix'),
(10,4,1,'2026-02-09','2026-02-09',180.00,180.00,'Paga','Cartão de crédito'),
(11,4,2,'2026-03-11','2026-03-11',180.00,180.00,'Paga','Boleto'),
(12,4,3,'2026-04-10','2026-04-10',180.00,180.00,'Paga','Cartão de crédito'),
(13,5,1,'2026-02-09','2026-02-09',180.00,180.00,'Paga','Cartão de crédito'),
(14,5,2,'2026-03-11','2026-03-09',180.00,180.00,'Paga','Boleto'),
(15,5,3,'2026-04-10','2026-04-09',180.00,180.00,'Paga','Pix'),
(16,6,1,'2026-02-09','2026-02-07',180.00,180.00,'Paga','Cartão de crédito'),
(17,6,2,'2026-03-11','2026-03-11',180.00,180.00,'Paga','Cartão de crédito'),
(18,6,3,'2026-04-10','2026-04-08',180.00,180.00,'Paga','Pix'),
(19,7,1,'2026-02-09','2026-02-09',180.00,180.00,'Paga','Pix'),
(20,7,2,'2026-03-11','2026-03-10',180.00,180.00,'Paga','Boleto'),
(21,7,3,'2026-04-10','2026-04-07',180.00,180.00,'Paga','Cartão de débito'),
(22,8,1,'2026-02-09','2026-02-06',180.00,180.00,'Paga','Boleto'),
(23,8,2,'2026-03-11','2026-03-09',180.00,180.00,'Paga','Cartão de débito'),
(24,8,3,'2026-04-10','2026-04-09',180.00,180.00,'Paga','Cartão de crédito'),
(25,9,1,'2026-02-09','2026-02-08',180.00,180.00,'Paga','Pix'),
(26,9,2,'2026-03-11','2026-03-09',180.00,180.00,'Paga','Boleto'),
(27,9,3,'2026-04-10','2026-04-08',180.00,180.00,'Paga','Boleto'),
(28,10,1,'2026-02-09','2026-02-07',180.00,180.00,'Paga','Pix'),
(29,10,2,'2026-03-11','2026-03-11',180.00,180.00,'Paga','Boleto'),
(30,10,3,'2026-04-10','2026-04-09',180.00,180.00,'Paga','Cartão de débito'),
(31,11,1,'2026-02-09','2026-02-09',180.00,180.00,'Paga','Boleto'),
(32,11,2,'2026-03-11','2026-03-10',180.00,180.00,'Paga','Pix'),
(33,11,3,'2026-04-10',NULL,180.00,NULL,'Aberta','Cartão de crédito'),
(34,12,1,'2026-02-09','2026-02-09',180.00,180.00,'Paga','Boleto'),
(35,12,2,'2026-03-11','2026-03-10',180.00,180.00,'Paga','Boleto'),
(36,12,3,'2026-04-10',NULL,180.00,NULL,'Vencida','Boleto'),
(37,13,1,'2026-02-09','2026-02-07',180.00,180.00,'Paga','Boleto'),
(38,13,2,'2026-03-11','2026-03-09',180.00,180.00,'Paga','Boleto'),
(39,13,3,'2026-04-10',NULL,180.00,NULL,'Aberta','Pix'),
(40,14,1,'2026-02-09','2026-02-09',180.00,180.00,'Paga','Boleto'),
(41,14,2,'2026-03-11','2026-03-10',180.00,180.00,'Paga','Pix'),
(42,14,3,'2026-04-10',NULL,180.00,NULL,'Aberta','Pix'),
(43,15,1,'2026-02-09','2026-02-07',180.00,180.00,'Paga','Boleto'),
(44,15,2,'2026-03-11','2026-03-09',180.00,180.00,'Paga','Boleto'),
(45,15,3,'2026-04-10',NULL,180.00,NULL,'Vencida','Boleto'),
(46,16,1,'2026-02-09','2026-02-08',180.00,180.00,'Paga','Boleto'),
(47,16,2,'2026-03-11','2026-03-09',180.00,180.00,'Paga','Boleto'),
(48,16,3,'2026-04-10',NULL,180.00,NULL,'Aberta','Pix'),
(49,17,1,'2026-02-09','2026-02-08',180.00,180.00,'Paga','Boleto'),
(50,17,2,'2026-03-11','2026-03-11',180.00,180.00,'Paga','Pix'),
(51,17,3,'2026-04-10',NULL,180.00,NULL,'Aberta','Boleto'),
(52,18,1,'2026-02-09','2026-02-09',180.00,180.00,'Paga','Pix'),
(53,18,2,'2026-03-11','2026-03-10',180.00,180.00,'Paga','Pix'),
(54,18,3,'2026-04-10',NULL,180.00,NULL,'Vencida','Boleto'),
(55,19,1,'2026-02-09','2026-02-07',180.00,180.00,'Paga','Pix'),
(56,19,2,'2026-03-11','2026-03-10',180.00,180.00,'Paga','Boleto'),
(57,19,3,'2026-04-10',NULL,180.00,NULL,'Aberta','Boleto'),
(58,20,1,'2026-02-09','2026-02-09',180.00,180.00,'Paga','Pix'),
(59,20,2,'2026-03-11','2026-03-10',180.00,180.00,'Paga','Boleto'),
(60,20,3,'2026-04-10',NULL,180.00,NULL,'Aberta','Cartão de crédito'),
(61,21,1,'2026-02-09','2026-02-08',180.00,180.00,'Paga','Pix'),
(62,21,2,'2026-03-11','2026-03-10',180.00,180.00,'Paga','Boleto'),
(63,21,3,'2026-04-10',NULL,180.00,NULL,'Vencida','Boleto'),
(64,22,1,'2026-02-09','2026-02-07',180.00,180.00,'Paga','Boleto'),
(65,22,2,'2026-03-11','2026-03-10',180.00,180.00,'Paga','Boleto'),
(66,22,3,'2026-04-10',NULL,180.00,NULL,'Aberta','Pix'),
(67,23,1,'2026-02-09','2026-02-09',180.00,180.00,'Paga','Pix'),
(68,23,2,'2026-03-11','2026-03-11',180.00,180.00,'Paga','Pix'),
(69,23,3,'2026-04-10',NULL,180.00,NULL,'Aberta','Pix'),
(70,24,1,'2026-02-09','2026-02-07',180.00,180.00,'Paga','Pix'),
(71,24,2,'2026-03-11','2026-03-11',180.00,180.00,'Paga','Boleto'),
(72,24,3,'2026-04-10',NULL,180.00,NULL,'Vencida','Boleto'),
(73,25,1,'2026-02-09','2026-02-07',180.00,180.00,'Paga','Pix'),
(74,25,2,'2026-03-11','2026-03-10',180.00,180.00,'Paga','Boleto'),
(75,25,3,'2026-04-10',NULL,180.00,NULL,'Aberta','Pix'),
(76,26,1,'2026-02-09','2026-02-09',180.00,180.00,'Paga','Boleto'),
(77,26,2,'2026-03-11','2026-03-09',180.00,180.00,'Paga','Boleto'),
(78,26,3,'2026-04-10',NULL,180.00,NULL,'Aberta','Cartão de crédito'),
(79,27,1,'2026-02-09','2026-02-07',220.00,220.00,'Paga','Boleto'),
(80,27,2,'2026-03-11','2026-03-11',220.00,220.00,'Paga','Pix'),
(81,27,3,'2026-04-10',NULL,220.00,NULL,'Vencida','Boleto'),
(82,27,4,'2026-05-10',NULL,220.00,NULL,'Aberta','Boleto'),
(83,28,1,'2026-02-09','2026-02-06',220.00,220.00,'Paga','Boleto'),
(84,28,2,'2026-03-11','2026-03-08',220.00,220.00,'Paga','Boleto'),
(85,28,3,'2026-04-10','2026-04-10',220.00,220.00,'Paga','Boleto'),
(86,28,4,'2026-05-10','2026-05-07',220.00,220.00,'Paga','Pix'),
(87,29,1,'2026-02-09','2026-02-09',280.00,280.00,'Paga','Pix'),
(88,29,2,'2026-03-11','2026-03-11',280.00,280.00,'Paga','Boleto'),
(89,29,3,'2026-04-10',NULL,280.00,NULL,'Aberta','Pix'),
(90,29,4,'2026-05-10',NULL,280.00,NULL,'Aberta','Pix'),
(91,29,5,'2026-06-09',NULL,280.00,NULL,'Aberta','Boleto'),
(92,29,6,'2026-07-09',NULL,280.00,NULL,'Aberta','Cartão de crédito'),
(93,30,1,'2026-02-09','2026-02-09',280.00,280.00,'Paga','Pix'),
(94,30,2,'2026-03-11','2026-03-11',280.00,280.00,'Paga','Pix'),
(95,30,3,'2026-04-10',NULL,280.00,NULL,'Vencida','Boleto'),
(96,30,4,'2026-05-10',NULL,280.00,NULL,'Aberta','Cartão de crédito'),
(97,30,5,'2026-06-09',NULL,280.00,NULL,'Aberta','Pix'),
(98,30,6,'2026-07-09',NULL,280.00,NULL,'Aberta','Boleto'),
(99,31,1,'2026-02-09','2026-02-09',250.00,250.00,'Paga','Pix'),
(100,31,2,'2026-03-11','2026-03-10',250.00,250.00,'Paga','Boleto'),
(101,31,3,'2026-04-10','2026-04-09',250.00,250.00,'Paga','Cartão de débito'),
(102,31,4,'2026-05-10','2026-05-08',250.00,250.00,'Paga','Cartão de débito'),
(103,32,1,'2026-02-09','2026-02-08',250.00,250.00,'Paga','Pix'),
(104,32,2,'2026-03-11','2026-03-11',250.00,250.00,'Paga','Boleto'),
(105,32,3,'2026-04-10',NULL,250.00,NULL,'Aberta','Boleto'),
(106,32,4,'2026-05-10',NULL,250.00,NULL,'Cancelada','Pix'),
(107,33,1,'2026-02-09','2026-02-08',260.00,260.00,'Paga','Boleto'),
(108,33,2,'2026-03-11','2026-03-10',260.00,260.00,'Paga','Pix'),
(109,33,3,'2026-04-10',NULL,260.00,NULL,'Vencida','Boleto'),
(110,33,4,'2026-05-10',NULL,260.00,NULL,'Aberta','Pix'),
(111,33,5,'2026-06-09',NULL,260.00,NULL,'Aberta','Pix'),
(112,34,1,'2026-02-09','2026-02-07',260.00,260.00,'Paga','Boleto'),
(113,34,2,'2026-03-11','2026-03-09',260.00,260.00,'Paga','Boleto'),
(114,34,3,'2026-04-10',NULL,260.00,NULL,'Aberta','Boleto'),
(115,34,4,'2026-05-10',NULL,260.00,NULL,'Aberta','Cartão de crédito'),
(116,34,5,'2026-06-09',NULL,260.00,NULL,'Aberta','Pix'),
(117,35,1,'2026-02-09','2026-02-09',240.00,240.00,'Paga','Cartão de crédito'),
(118,35,2,'2026-03-11','2026-03-09',240.00,240.00,'Paga','Cartão de crédito'),
(119,35,3,'2026-04-10','2026-04-10',240.00,240.00,'Paga','Cartão de débito'),
(120,35,4,'2026-05-10','2026-05-10',240.00,240.00,'Paga','Cartão de débito'),
(121,36,1,'2026-02-09','2026-02-07',240.00,240.00,'Paga','Boleto'),
(122,36,2,'2026-03-11','2026-03-11',240.00,240.00,'Paga','Boleto'),
(123,36,3,'2026-04-10',NULL,240.00,NULL,'Vencida','Boleto'),
(124,36,4,'2026-05-10',NULL,240.00,NULL,'Cancelada','Pix'),
(125,37,1,'2026-02-09','2026-02-09',210.00,210.00,'Paga','Boleto'),
(126,37,2,'2026-03-11','2026-03-09',210.00,210.00,'Paga','Pix'),
(127,37,3,'2026-04-10',NULL,210.00,NULL,'Aberta','Cartão de crédito'),
(128,37,4,'2026-05-10',NULL,210.00,NULL,'Aberta','Pix'),
(129,37,5,'2026-06-09',NULL,210.00,NULL,'Aberta','Pix'),
(130,38,1,'2026-02-09','2026-02-06',210.00,210.00,'Paga','Cartão de crédito'),
(131,38,2,'2026-03-11','2026-03-10',210.00,210.00,'Paga','Boleto'),
(132,38,3,'2026-04-10','2026-04-08',210.00,210.00,'Paga','Pix'),
(133,38,4,'2026-05-10','2026-05-10',210.00,210.00,'Paga','Cartão de débito'),
(134,38,5,'2026-06-09','2026-06-06',210.00,210.00,'Paga','Cartão de débito'),
(135,39,1,'2026-02-09','2026-02-09',270.00,270.00,'Paga','Boleto'),
(136,39,2,'2026-03-11','2026-03-10',270.00,270.00,'Paga','Boleto'),
(137,39,3,'2026-04-10',NULL,270.00,NULL,'Vencida','Boleto'),
(138,39,4,'2026-05-10',NULL,270.00,NULL,'Aberta','Boleto'),
(139,39,5,'2026-06-09',NULL,270.00,NULL,'Aberta','Pix'),
(140,40,1,'2026-02-09','2026-02-09',270.00,270.00,'Paga','Pix'),
(141,40,2,'2026-03-11','2026-03-11',270.00,270.00,'Paga','Boleto'),
(142,40,3,'2026-04-10',NULL,270.00,NULL,'Aberta','Pix'),
(143,40,4,'2026-05-10',NULL,270.00,NULL,'Cancelada','Pix'),
(144,40,5,'2026-06-09',NULL,270.00,NULL,'Aberta','Boleto'),
(145,41,1,'2026-02-09','2026-02-09',300.00,300.00,'Paga','Boleto'),
(146,41,2,'2026-03-11','2026-03-09',300.00,300.00,'Paga','Pix'),
(147,41,3,'2026-04-10',NULL,300.00,NULL,'Aberta','Boleto'),
(148,41,4,'2026-05-10',NULL,300.00,NULL,'Aberta','Cartão de crédito'),
(149,41,5,'2026-06-09',NULL,300.00,NULL,'Aberta','Boleto'),
(150,41,6,'2026-07-09',NULL,300.00,NULL,'Aberta','Cartão de crédito'),
(151,42,1,'2026-02-09','2026-02-09',300.00,300.00,'Paga','Pix'),
(152,42,2,'2026-03-11','2026-03-08',300.00,300.00,'Paga','Cartão de crédito'),
(153,42,3,'2026-04-10','2026-04-07',300.00,300.00,'Paga','Cartão de crédito'),
(154,42,4,'2026-05-10','2026-05-07',300.00,300.00,'Paga','Cartão de débito'),
(155,42,5,'2026-06-09','2026-06-09',300.00,300.00,'Paga','Boleto'),
(156,42,6,'2026-07-09','2026-07-06',300.00,300.00,'Paga','Boleto'),
(157,43,1,'2026-02-09','2026-02-07',150.00,150.00,'Paga','Pix'),
(158,43,2,'2026-03-11','2026-03-09',150.00,150.00,'Paga','Pix'),
(159,44,1,'2026-02-09','2026-02-09',280.00,280.00,'Paga','Pix'),
(160,44,2,'2026-03-11','2026-03-11',280.00,280.00,'Paga','Pix'),
(161,44,3,'2026-04-10',NULL,280.00,NULL,'Aberta','Cartão de crédito'),
(162,44,4,'2026-05-10',NULL,280.00,NULL,'Cancelada','Pix'),
(163,44,5,'2026-06-09',NULL,280.00,NULL,'Aberta','Boleto'),
(164,44,6,'2026-07-09',NULL,280.00,NULL,'Aberta','Cartão de crédito'),
(165,45,1,'2026-02-09','2026-02-08',180.00,180.00,'Paga','Boleto'),
(166,45,2,'2026-03-11','2026-03-09',180.00,180.00,'Paga','Cartão de crédito'),
(167,45,3,'2026-04-10','2026-04-09',180.00,180.00,'Paga','Pix'),
(168,46,1,'2026-02-09','2026-02-09',220.00,220.00,'Paga','Pix'),
(169,46,2,'2026-03-11','2026-03-09',220.00,220.00,'Paga','Pix'),
(170,46,3,'2026-04-10',NULL,220.00,NULL,'Aberta','Boleto'),
(171,46,4,'2026-05-10',NULL,220.00,NULL,'Aberta','Pix'),
(172,47,1,'2026-02-09','2026-02-09',220.00,220.00,'Paga','Pix'),
(173,47,2,'2026-03-11','2026-03-10',220.00,220.00,'Paga','Pix'),
(174,47,3,'2026-04-10',NULL,220.00,NULL,'Aberta','Boleto'),
(175,47,4,'2026-05-10',NULL,220.00,NULL,'Aberta','Cartão de crédito'),
(176,48,1,'2026-02-09','2026-02-09',280.00,280.00,'Paga','Boleto'),
(177,48,2,'2026-03-11','2026-03-10',280.00,280.00,'Paga','Boleto'),
(178,48,3,'2026-04-10',NULL,280.00,NULL,'Vencida','Boleto'),
(179,48,4,'2026-05-10',NULL,280.00,NULL,'Cancelada','Pix'),
(180,48,5,'2026-06-09',NULL,280.00,NULL,'Aberta','Pix'),
(181,48,6,'2026-07-09',NULL,280.00,NULL,'Aberta','Pix'),
(182,49,1,'2026-02-09','2026-02-07',280.00,280.00,'Paga','Boleto'),
(183,49,2,'2026-03-11','2026-03-08',280.00,280.00,'Paga','Cartão de crédito'),
(184,49,3,'2026-04-10','2026-04-09',280.00,280.00,'Paga','Pix'),
(185,49,4,'2026-05-10','2026-05-07',280.00,280.00,'Paga','Cartão de crédito'),
(186,49,5,'2026-06-09','2026-06-09',280.00,280.00,'Paga','Cartão de crédito'),
(187,49,6,'2026-07-09','2026-07-08',280.00,280.00,'Paga','Cartão de crédito'),
(188,50,1,'2026-02-09','2026-02-08',250.00,250.00,'Paga','Pix'),
(189,50,2,'2026-03-11','2026-03-09',250.00,250.00,'Paga','Pix'),
(190,50,3,'2026-04-10',NULL,250.00,NULL,'Aberta','Boleto'),
(191,50,4,'2026-05-10',NULL,250.00,NULL,'Aberta','Cartão de crédito'),
(192,51,1,'2026-02-09','2026-02-07',250.00,250.00,'Paga','Boleto'),
(193,51,2,'2026-03-11','2026-03-11',250.00,250.00,'Paga','Pix'),
(194,51,3,'2026-04-10',NULL,250.00,NULL,'Vencida','Boleto'),
(195,51,4,'2026-05-10',NULL,250.00,NULL,'Aberta','Pix'),
(196,52,1,'2026-02-09','2026-02-08',260.00,260.00,'Paga','Cartão de débito'),
(197,52,2,'2026-03-11','2026-03-11',260.00,260.00,'Paga','Pix'),
(198,52,3,'2026-04-10','2026-04-07',260.00,260.00,'Paga','Pix'),
(199,52,4,'2026-05-10','2026-05-10',260.00,260.00,'Paga','Boleto'),
(200,52,5,'2026-06-09','2026-06-07',260.00,260.00,'Paga','Cartão de crédito'),
(201,53,1,'2026-02-09','2026-02-07',260.00,260.00,'Paga','Boleto'),
(202,53,2,'2026-03-11','2026-03-10',260.00,260.00,'Paga','Boleto'),
(203,53,3,'2026-04-10',NULL,260.00,NULL,'Aberta','Cartão de crédito'),
(204,53,4,'2026-05-10',NULL,260.00,NULL,'Aberta','Pix'),
(205,53,5,'2026-06-09',NULL,260.00,NULL,'Aberta','Cartão de crédito'),
(206,54,1,'2026-02-09','2026-02-07',240.00,240.00,'Paga','Boleto'),
(207,54,2,'2026-03-11','2026-03-09',240.00,240.00,'Paga','Pix'),
(208,54,3,'2026-04-10',NULL,240.00,NULL,'Vencida','Boleto'),
(209,54,4,'2026-05-10',NULL,240.00,NULL,'Aberta','Boleto'),
(210,55,1,'2026-02-09','2026-02-09',240.00,240.00,'Paga','Boleto'),
(211,55,2,'2026-03-11','2026-03-11',240.00,240.00,'Paga','Boleto'),
(212,55,3,'2026-04-10',NULL,240.00,NULL,'Aberta','Boleto'),
(213,55,4,'2026-05-10',NULL,240.00,NULL,'Aberta','Boleto'),
(214,56,1,'2026-02-09','2026-02-09',210.00,210.00,'Paga','Cartão de crédito'),
(215,56,2,'2026-03-11','2026-03-08',210.00,210.00,'Paga','Pix'),
(216,56,3,'2026-04-10','2026-04-09',210.00,210.00,'Paga','Cartão de débito'),
(217,56,4,'2026-05-10','2026-05-10',210.00,210.00,'Paga','Cartão de crédito'),
(218,56,5,'2026-06-09','2026-06-07',210.00,210.00,'Paga','Cartão de crédito'),
(219,57,1,'2026-02-09','2026-02-08',210.00,210.00,'Paga','Pix'),
(220,57,2,'2026-03-11','2026-03-10',210.00,210.00,'Paga','Pix'),
(221,57,3,'2026-04-10',NULL,210.00,NULL,'Vencida','Boleto'),
(222,57,4,'2026-05-10',NULL,210.00,NULL,'Aberta','Cartão de crédito'),
(223,57,5,'2026-06-09',NULL,210.00,NULL,'Aberta','Pix'),
(224,58,1,'2026-02-09','2026-02-08',270.00,270.00,'Paga','Boleto'),
(225,58,2,'2026-03-11','2026-03-11',270.00,270.00,'Paga','Pix'),
(226,58,3,'2026-04-10',NULL,270.00,NULL,'Aberta','Pix'),
(227,58,4,'2026-05-10',NULL,270.00,NULL,'Aberta','Cartão de crédito'),
(228,58,5,'2026-06-09',NULL,270.00,NULL,'Aberta','Boleto'),
(229,59,1,'2026-02-09','2026-02-06',270.00,270.00,'Paga','Cartão de débito'),
(230,59,2,'2026-03-11','2026-03-08',270.00,270.00,'Paga','Cartão de crédito'),
(231,59,3,'2026-04-10','2026-04-08',270.00,270.00,'Paga','Cartão de débito'),
(232,59,4,'2026-05-10','2026-05-10',270.00,270.00,'Paga','Cartão de débito'),
(233,59,5,'2026-06-09','2026-06-09',270.00,270.00,'Paga','Cartão de débito'),
(234,60,1,'2026-02-09','2026-02-07',300.00,300.00,'Paga','Boleto'),
(235,60,2,'2026-03-11','2026-03-10',300.00,300.00,'Paga','Pix'),
(236,60,3,'2026-04-10',NULL,300.00,NULL,'Vencida','Boleto'),
(237,60,4,'2026-05-10',NULL,300.00,NULL,'Cancelada','Pix'),
(238,60,5,'2026-06-09',NULL,300.00,NULL,'Aberta','Boleto'),
(239,60,6,'2026-07-09',NULL,300.00,NULL,'Aberta','Boleto'),
(240,61,1,'2026-02-09','2026-02-07',300.00,300.00,'Paga','Boleto'),
(241,61,2,'2026-03-11','2026-03-09',300.00,300.00,'Paga','Pix'),
(242,61,3,'2026-04-10',NULL,300.00,NULL,'Aberta','Pix'),
(243,61,4,'2026-05-10',NULL,300.00,NULL,'Aberta','Pix'),
(244,61,5,'2026-06-09',NULL,300.00,NULL,'Aberta','Pix'),
(245,61,6,'2026-07-09',NULL,300.00,NULL,'Aberta','Pix'),
(246,62,1,'2026-02-09','2026-02-08',150.00,150.00,'Paga','Boleto'),
(247,62,2,'2026-03-11','2026-03-11',150.00,150.00,'Paga','Pix'),
(248,63,1,'2026-02-09','2026-02-07',280.00,280.00,'Paga','Cartão de crédito'),
(249,63,2,'2026-03-11','2026-03-08',280.00,280.00,'Paga','Cartão de débito'),
(250,63,3,'2026-04-10','2026-04-07',280.00,280.00,'Paga','Cartão de crédito'),
(251,63,4,'2026-05-10','2026-05-07',280.00,280.00,'Paga','Cartão de débito'),
(252,63,5,'2026-06-09','2026-06-09',280.00,280.00,'Paga','Cartão de débito'),
(253,63,6,'2026-07-09','2026-07-09',280.00,280.00,'Paga','Cartão de crédito'),
(254,64,1,'2026-02-09','2026-02-08',180.00,180.00,'Paga','Pix'),
(255,64,2,'2026-03-11','2026-03-10',180.00,180.00,'Paga','Pix'),
(256,64,3,'2026-04-10',NULL,180.00,NULL,'Aberta','Cartão de crédito'),
(257,65,1,'2026-02-09','2026-02-09',220.00,220.00,'Paga','Boleto'),
(258,65,2,'2026-03-11','2026-03-11',220.00,220.00,'Paga','Pix'),
(259,65,3,'2026-04-10',NULL,220.00,NULL,'Aberta','Pix'),
(260,65,4,'2026-05-10',NULL,220.00,NULL,'Aberta','Boleto'),
(261,66,1,'2026-02-09','2026-02-09',220.00,220.00,'Paga','Boleto'),
(262,66,2,'2026-03-11','2026-03-11',220.00,220.00,'Paga','Cartão de débito'),
(263,66,3,'2026-04-10','2026-04-07',220.00,220.00,'Paga','Cartão de débito'),
(264,66,4,'2026-05-10','2026-05-09',220.00,220.00,'Paga','Pix'),
(265,67,1,'2026-02-09','2026-02-07',280.00,280.00,'Paga','Pix'),
(266,67,2,'2026-03-11','2026-03-11',280.00,280.00,'Paga','Pix'),
(267,67,3,'2026-04-10',NULL,280.00,NULL,'Aberta','Boleto'),
(268,67,4,'2026-05-10',NULL,280.00,NULL,'Aberta','Pix'),
(269,67,5,'2026-06-09',NULL,280.00,NULL,'Aberta','Pix'),
(270,67,6,'2026-07-09',NULL,280.00,NULL,'Aberta','Pix'),
(271,68,1,'2026-02-09','2026-02-08',280.00,280.00,'Paga','Boleto'),
(272,68,2,'2026-03-11','2026-03-09',280.00,280.00,'Paga','Pix'),
(273,68,3,'2026-04-10',NULL,280.00,NULL,'Aberta','Boleto'),
(274,68,4,'2026-05-10',NULL,280.00,NULL,'Cancelada','Pix'),
(275,68,5,'2026-06-09',NULL,280.00,NULL,'Aberta','Boleto'),
(276,68,6,'2026-07-09',NULL,280.00,NULL,'Aberta','Cartão de crédito'),
(277,69,1,'2026-02-09','2026-02-07',250.00,250.00,'Paga','Pix'),
(278,69,2,'2026-03-11','2026-03-10',250.00,250.00,'Paga','Boleto'),
(279,69,3,'2026-04-10',NULL,250.00,NULL,'Vencida','Boleto'),
(280,69,4,'2026-05-10',NULL,250.00,NULL,'Aberta','Pix'),
(281,70,1,'2026-02-09','2026-02-07',250.00,250.00,'Paga','Pix'),
(282,70,2,'2026-03-11','2026-03-11',250.00,250.00,'Paga','Pix'),
(283,70,3,'2026-04-10','2026-04-09',250.00,250.00,'Paga','Boleto'),
(284,70,4,'2026-05-10','2026-05-09',250.00,250.00,'Paga','Boleto'),
(285,71,1,'2026-02-09','2026-02-09',260.00,260.00,'Paga','Boleto'),
(286,71,2,'2026-03-11','2026-03-09',260.00,260.00,'Paga','Boleto'),
(287,71,3,'2026-04-10',NULL,260.00,NULL,'Aberta','Cartão de crédito'),
(288,71,4,'2026-05-10',NULL,260.00,NULL,'Aberta','Boleto'),
(289,71,5,'2026-06-09',NULL,260.00,NULL,'Aberta','Cartão de crédito'),
(290,72,1,'2026-02-09','2026-02-08',260.00,260.00,'Paga','Pix'),
(291,72,2,'2026-03-11','2026-03-11',260.00,260.00,'Paga','Boleto'),
(292,72,3,'2026-04-10',NULL,260.00,NULL,'Vencida','Boleto'),
(293,72,4,'2026-05-10',NULL,260.00,NULL,'Cancelada','Pix'),
(294,72,5,'2026-06-09',NULL,260.00,NULL,'Aberta','Pix'),
(295,73,1,'2026-02-09','2026-02-08',240.00,240.00,'Paga','Boleto'),
(296,73,2,'2026-03-11','2026-03-09',240.00,240.00,'Paga','Pix'),
(297,73,3,'2026-04-10','2026-04-09',240.00,240.00,'Paga','Pix'),
(298,73,4,'2026-05-10','2026-05-10',240.00,240.00,'Paga','Cartão de débito'),
(299,74,1,'2026-02-09','2026-02-08',240.00,240.00,'Paga','Pix'),
(300,74,2,'2026-03-11','2026-03-11',240.00,240.00,'Paga','Pix'),
(301,74,3,'2026-04-10',NULL,240.00,NULL,'Aberta','Cartão de crédito'),
(302,74,4,'2026-05-10',NULL,240.00,NULL,'Aberta','Boleto'),
(303,75,1,'2026-02-09','2026-02-07',210.00,210.00,'Paga','Boleto'),
(304,75,2,'2026-03-11','2026-03-09',210.00,210.00,'Paga','Pix'),
(305,75,3,'2026-04-10',NULL,210.00,NULL,'Vencida','Boleto'),
(306,75,4,'2026-05-10',NULL,210.00,NULL,'Aberta','Cartão de crédito'),
(307,75,5,'2026-06-09',NULL,210.00,NULL,'Aberta','Boleto'),
(308,76,1,'2026-02-09','2026-02-09',210.00,210.00,'Paga','Boleto'),
(309,76,2,'2026-03-11','2026-03-11',210.00,210.00,'Paga','Pix'),
(310,76,3,'2026-04-10',NULL,210.00,NULL,'Aberta','Boleto'),
(311,76,4,'2026-05-10',NULL,210.00,NULL,'Cancelada','Pix'),
(312,76,5,'2026-06-09',NULL,210.00,NULL,'Aberta','Boleto'),
(313,77,1,'2026-02-09','2026-02-09',270.00,270.00,'Paga','Cartão de débito'),
(314,77,2,'2026-03-11','2026-03-09',270.00,270.00,'Paga','Cartão de débito'),
(315,77,3,'2026-04-10','2026-04-08',270.00,270.00,'Paga','Cartão de crédito'),
(316,77,4,'2026-05-10','2026-05-10',270.00,270.00,'Paga','Cartão de débito'),
(317,77,5,'2026-06-09','2026-06-08',270.00,270.00,'Paga','Cartão de débito'),
(318,78,1,'2026-02-09','2026-02-09',270.00,270.00,'Paga','Pix'),
(319,78,2,'2026-03-11','2026-03-10',270.00,270.00,'Paga','Boleto'),
(320,78,3,'2026-04-10',NULL,270.00,NULL,'Vencida','Boleto'),
(321,78,4,'2026-05-10',NULL,270.00,NULL,'Aberta','Pix'),
(322,78,5,'2026-06-09',NULL,270.00,NULL,'Aberta','Boleto'),
(323,79,1,'2026-02-09','2026-02-08',300.00,300.00,'Paga','Pix'),
(324,79,2,'2026-03-11','2026-03-11',300.00,300.00,'Paga','Pix'),
(325,79,3,'2026-04-10',NULL,300.00,NULL,'Aberta','Pix'),
(326,79,4,'2026-05-10',NULL,300.00,NULL,'Aberta','Boleto'),
(327,79,5,'2026-06-09',NULL,300.00,NULL,'Aberta','Pix'),
(328,79,6,'2026-07-09',NULL,300.00,NULL,'Aberta','Pix'),
(329,80,1,'2026-02-09','2026-02-06',300.00,300.00,'Paga','Pix'),
(330,80,2,'2026-03-11','2026-03-08',300.00,300.00,'Paga','Pix'),
(331,80,3,'2026-04-10','2026-04-08',300.00,300.00,'Paga','Cartão de débito'),
(332,80,4,'2026-05-10','2026-05-09',300.00,300.00,'Paga','Pix'),
(333,80,5,'2026-06-09','2026-06-08',300.00,300.00,'Paga','Boleto'),
(334,80,6,'2026-07-09','2026-07-07',300.00,300.00,'Paga','Boleto');

-- Ajustando a sequência interna de Auto Increment do PostgreSQL
SELECT setval(pg_get_serial_sequence('mensalidade', 'codigo_mensalidade'), COALESCE(MAX(codigo_mensalidade), 1)) FROM mensalidade;

COMMIT;


CREATE TABLE disciplina (
  codigo_disciplina INT GENERATED BY DEFAULT AS IDENTITY PRIMARY KEY,
  codigo_turma INT NOT NULL,
  codigo_professor INT NOT NULL,
  nome VARCHAR(100) NOT NULL,
  descricao TEXT,
  carga_horaria INT NOT NULL,
  ordem INT DEFAULT NULL,
  situacao VARCHAR(20) NOT NULL,
  CONSTRAINT disciplina_ibfk_1 FOREIGN KEY (codigo_turma) REFERENCES turma (codigo_turma),
  CONSTRAINT disciplina_ibfk_2 FOREIGN KEY (codigo_professor) REFERENCES professor (codigo_professor)
);

-- Criando os índices para otimizar buscas pelas chaves estrangeiras
CREATE INDEX idx_disciplina_turma ON disciplina (codigo_turma);
CREATE INDEX idx_disciplina_professor ON disciplina (codigo_professor);

BEGIN;

LOCK TABLE disciplina IN EXCLUSIVE MODE;

INSERT INTO disciplina VALUES 
(1,1,5,'Sistemas Operacionais','Disciplina Sistemas Operacionais da turma 1',20,1,'Ativa'),
(2,1,15,'Internet e Segurança','Disciplina Internet e Segurança da turma 1',20,2,'Ativa'),
(3,1,3,'Pacote Office','Disciplina Pacote Office da turma 1',40,3,'Ativa'),
(4,2,5,'Sistemas Operacionais','Disciplina Sistemas Operacionais da turma 2',20,1,'Ativa'),
(5,2,15,'Internet e Segurança','Disciplina Internet e Segurança da turma 2',20,2,'Ativa'),
(6,2,3,'Pacote Office','Disciplina Pacote Office da turma 2',40,3,'Ativa'),
(7,3,3,'Excel Básico','Disciplina Excel Básico da turma 3',20,1,'Ativa'),
(8,3,3,'Excel Intermediário','Disciplina Excel Intermediário da turma 3',20,2,'Ativa'),
(9,3,3,'Dashboards no Excel','Disciplina Dashboards no Excel da turma 3',40,3,'Ativa'),
(10,4,3,'Excel Básico','Disciplina Excel Básico da turma 4',20,1,'Ativa'),
(11,4,3,'Excel Intermediário','Disciplina Excel Intermediário da turma 4',20,2,'Ativa'),
(12,4,3,'Dashboards no Excel','Disciplina Dashboards no Excel da turma 4',40,3,'Ativa'),
(13,5,2,'HTML e CSS','Disciplina HTML e CSS da turma 5',20,1,'Ativa'),
(14,5,2,'JavaScript','Disciplina JavaScript da turma 5',20,2,'Ativa'),
(15,5,11,'Projeto Web','Disciplina Projeto Web da turma 5',40,3,'Ativa'),
(16,6,2,'HTML e CSS','Disciplina HTML e CSS da turma 6',20,1,'Ativa'),
(17,6,2,'JavaScript','Disciplina JavaScript da turma 6',20,2,'Ativa'),
(18,6,11,'Projeto Web','Disciplina Projeto Web da turma 6',40,3,'Ativa'),
(19,7,1,'Modelagem de Dados','Disciplina Modelagem de Dados da turma 7',20,1,'Ativa'),
(20,7,1,'SQL','Disciplina SQL da turma 7',20,2,'Ativa'),
(21,7,1,'Administração Básica de BD','Disciplina Administração Básica de BD da turma 7',40,3,'Ativa'),
(22,8,1,'Modelagem de Dados','Disciplina Modelagem de Dados da turma 8',20,1,'Ativa'),
(23,8,1,'SQL','Disciplina SQL da turma 8',20,2,'Ativa'),
(24,8,1,'Administração Básica de BD','Disciplina Administração Básica de BD da turma 8',40,3,'Ativa'),
(25,9,4,'Fundamentos do Design','Disciplina Fundamentos do Design da turma 9',20,1,'Ativa'),
(26,9,4,'Edição de Imagens','Disciplina Edição de Imagens da turma 9',20,2,'Ativa'),
(27,9,12,'Projeto Visual','Disciplina Projeto Visual da turma 9',40,3,'Ativa'),
(28,10,4,'Fundamentos do Design','Disciplina Fundamentos do Design da turma 10',20,1,'Cancelada'),
(29,10,4,'Edição de Imagens','Disciplina Edição de Imagens da turma 10',20,2,'Cancelada'),
(30,10,12,'Projeto Visual','Disciplina Projeto Visual da turma 10',40,3,'Cancelada'),
(31,11,6,'Redes Sociais','Disciplina Redes Sociais da turma 11',20,1,'Ativa'),
(32,11,6,'Produção de Conteúdo','Disciplina Produção de Conteúdo da turma 11',20,2,'Ativa'),
(33,11,6,'Campanhas Digitais','Disciplina Campanhas Digitais da turma 11',40,3,'Ativa'),
(34,12,6,'Redes Sociais','Disciplina Redes Sociais da turma 12',20,1,'Ativa'),
(35,12,6,'Produção de Conteúdo','Disciplina Produção de Conteúdo da turma 12',20,2,'Ativa'),
(36,12,6,'Campanhas Digitais','Disciplina Campanhas Digitais da turma 12',40,3,'Ativa'),
(37,13,8,'Rotinas Administrativas','Disciplina Rotinas Administrativas da turma 13',20,1,'Ativa'),
(38,13,10,'Atendimento e Documentos','Disciplina Atendimento e Documentos da turma 13',20,2,'Ativa'),
(39,13,14,'Noções de Finanças','Disciplina Noções de Finanças da turma 13',40,3,'Ativa'),
(40,14,8,'Rotinas Administrativas','Disciplina Rotinas Administrativas da turma 14',20,1,'Ativa'),
(41,14,10,'Atendimento e Documentos','Disciplina Atendimento e Documentos da turma 14',20,2,'Ativa'),
(42,14,14,'Noções de Finanças','Disciplina Noções de Finanças da turma 14',40,3,'Ativa'),
(43,15,13,'Lógica com Python','Disciplina Lógica com Python da turma 15',20,1,'Ativa'),
(44,15,9,'Estruturas de Dados','Disciplina Estruturas de Dados da turma 15',20,2,'Ativa'),
(45,15,9,'Automação com Python','Disciplina Automação com Python da turma 15',40,3,'Ativa'),
(46,16,13,'Lógica com Python','Disciplina Lógica com Python da turma 16',20,1,'Ativa'),
(47,16,9,'Estruturas de Dados','Disciplina Estruturas de Dados da turma 16',20,2,'Ativa'),
(48,16,9,'Automação com Python','Disciplina Automação com Python da turma 16',40,3,'Ativa'),
(49,17,7,'Montagem de Computadores','Disciplina Montagem de Computadores da turma 17',20,1,'Ativa'),
(50,17,7,'Manutenção Preventiva','Disciplina Manutenção Preventiva da turma 17',20,2,'Ativa'),
(51,17,7,'Diagnóstico de Hardware','Disciplina Diagnóstico de Hardware da turma 17',40,3,'Ativa'),
(52,18,7,'Montagem de Computadores','Disciplina Montagem de Computadores da turma 18',20,1,'Ativa'),
(53,18,7,'Manutenção Preventiva','Disciplina Manutenção Preventiva da turma 18',20,2,'Ativa'),
(54,18,7,'Diagnóstico de Hardware','Disciplina Diagnóstico de Hardware da turma 18',40,3,'Ativa'),
(55,19,10,'Comunicação Profissional','Disciplina Comunicação Profissional da turma 19',20,1,'Ativa'),
(56,19,10,'Relacionamento com Cliente','Disciplina Relacionamento com Cliente da turma 19',20,2,'Ativa'),
(57,19,10,'Ética no Atendimento','Disciplina Ética no Atendimento da turma 19',40,3,'Ativa'),
(58,20,2,'HTML e CSS','Disciplina HTML e CSS da turma 20',20,1,'Ativa'),
(59,20,2,'JavaScript','Disciplina JavaScript da turma 20',20,2,'Ativa'),
(60,20,11,'Projeto Web','Disciplina Projeto Web da turma 20',40,3,'Ativa');

-- Atualizando a sequência do AUTO_INCREMENT (IDENTITY) para o Postgres
SELECT setval(pg_get_serial_sequence('disciplina', 'codigo_disciplina'), COALESCE(MAX(codigo_disciplina), 1)) FROM disciplina;

COMMIT;

CREATE TABLE avaliacao (
  codigo_avaliacao INT GENERATED BY DEFAULT AS IDENTITY PRIMARY KEY,
  codigo_disciplina INT NOT NULL,
  descricao VARCHAR(100) NOT NULL,
  data_avaliacao DATE NOT NULL,
  valor_maximo NUMERIC(5,2) DEFAULT 10.00,
  CONSTRAINT avaliacao_ibfk_1 FOREIGN KEY (codigo_disciplina) REFERENCES disciplina (codigo_disciplina)
);

-- Criando o índice para otimizar as buscas pela chave estrangeira
CREATE INDEX idx_avaliacao_disciplina ON avaliacao (codigo_disciplina);

BEGIN;

LOCK TABLE avaliacao IN EXCLUSIVE MODE;

INSERT INTO avaliacao VALUES 
(1,1,'Avaliação 1','2026-03-22',10.00),
(2,1,'Projeto Final','2026-04-19',10.00),
(3,2,'Avaliação 1','2026-03-22',10.00),
(4,2,'Projeto Final','2026-04-19',10.00),
(5,3,'Avaliação 1','2026-03-22',10.00),
(6,3,'Projeto Final','2026-04-19',10.00),
(7,4,'Avaliação 1','2026-03-29',10.00),
(8,4,'Projeto Final','2026-04-26',10.00),
(9,5,'Avaliação 1','2026-03-29',10.00),
(10,5,'Projeto Final','2026-04-26',10.00),
(11,6,'Avaliação 1','2026-03-29',10.00),
(12,6,'Projeto Final','2026-04-26',10.00),
(13,7,'Avaliação 1','2026-04-05',10.00),
(14,7,'Projeto Final','2026-05-03',10.00),
(15,8,'Avaliação 1','2026-04-05',10.00),
(16,8,'Projeto Final','2026-05-03',10.00),
(17,9,'Avaliação 1','2026-04-05',10.00),
(18,9,'Projeto Final','2026-05-03',10.00),
(19,10,'Avaliação 1','2026-03-15',10.00),
(20,10,'Projeto Final','2026-04-12',10.00),
(21,11,'Avaliação 1','2026-03-15',10.00),
(22,11,'Projeto Final','2026-04-12',10.00),
(23,12,'Avaliação 1','2026-03-15',10.00),
(24,12,'Projeto Final','2026-04-12',10.00),
(25,13,'Avaliação 1','2026-03-22',10.00),
(26,13,'Projeto Final','2026-04-19',10.00),
(27,14,'Avaliação 1','2026-03-22',10.00),
(28,14,'Projeto Final','2026-04-19',10.00),
(29,15,'Avaliação 1','2026-03-22',10.00),
(30,15,'Projeto Final','2026-04-19',10.00),
(31,16,'Avaliação 1','2026-03-29',10.00),
(32,16,'Projeto Final','2026-04-26',10.00),
(33,17,'Avaliação 1','2026-03-29',10.00),
(34,17,'Projeto Final','2026-04-26',10.00),
(35,18,'Avaliação 1','2026-03-29',10.00),
(36,18,'Projeto Final','2026-04-26',10.00),
(37,19,'Avaliação 1','2026-04-05',10.00),
(38,19,'Projeto Final','2026-05-03',10.00),
(39,20,'Avaliação 1','2026-04-05',10.00),
(40,20,'Projeto Final','2026-05-03',10.00),
(41,21,'Avaliação 1','2026-04-05',10.00),
(42,21,'Projeto Final','2026-05-03',10.00),
(43,22,'Avaliação 1','2026-03-15',10.00),
(44,22,'Projeto Final','2026-04-12',10.00),
(45,23,'Avaliação 1','2026-03-15',10.00),
(46,23,'Projeto Final','2026-04-12',10.00),
(47,24,'Avaliação 1','2026-03-15',10.00),
(48,24,'Projeto Final','2026-04-12',10.00),
(49,25,'Avaliação 1','2026-03-22',10.00),
(50,25,'Projeto Final','2026-04-19',10.00),
(51,26,'Avaliação 1','2026-03-22',10.00),
(52,26,'Projeto Final','2026-04-19',10.00),
(53,27,'Avaliação 1','2026-03-22',10.00),
(54,27,'Projeto Final','2026-04-19',10.00),
(55,28,'Avaliação 1','2026-03-29',10.00),
(56,28,'Projeto Final','2026-04-26',10.00),
(57,29,'Avaliação 1','2026-03-29',10.00),
(58,29,'Projeto Final','2026-04-26',10.00),
(59,30,'Avaliação 1','2026-03-29',10.00),
(60,30,'Projeto Final','2026-04-26',10.00),
(61,31,'Avaliação 1','2026-04-05',10.00),
(62,31,'Projeto Final','2026-05-03',10.00),
(63,32,'Avaliação 1','2026-04-05',10.00),
(64,32,'Projeto Final','2026-05-03',10.00),
(65,33,'Avaliação 1','2026-04-05',10.00),
(66,33,'Projeto Final','2026-05-03',10.00),
(67,34,'Avaliação 1','2026-03-15',10.00),
(68,34,'Projeto Final','2026-04-12',10.00),
(69,35,'Avaliação 1','2026-03-15',10.00),
(70,35,'Projeto Final','2026-04-12',10.00),
(71,36,'Avaliação 1','2026-03-15',10.00),
(72,36,'Projeto Final','2026-04-12',10.00),
(73,37,'Avaliação 1','2026-03-22',10.00),
(74,37,'Projeto Final','2026-04-19',10.00),
(75,38,'Avaliação 1','2026-03-22',10.00),
(76,38,'Projeto Final','2026-04-19',10.00),
(77,39,'Avaliação 1','2026-03-22',10.00),
(78,39,'Projeto Final','2026-04-19',10.00),
(79,40,'Avaliação 1','2026-03-29',10.00),
(80,40,'Projeto Final','2026-04-26',10.00),
(81,41,'Avaliação 1','2026-03-29',10.00),
(82,41,'Projeto Final','2026-04-26',10.00),
(83,42,'Avaliação 1','2026-03-29',10.00),
(84,42,'Projeto Final','2026-04-26',10.00),
(85,43,'Avaliação 1','2026-04-05',10.00),
(86,43,'Projeto Final','2026-05-03',10.00),
(87,44,'Avaliação 1','2026-04-05',10.00),
(88,44,'Projeto Final','2026-05-03',10.00),
(89,45,'Avaliação 1','2026-04-05',10.00),
(90,45,'Projeto Final','2026-05-03',10.00),
(91,46,'Avaliação 1','2026-03-15',10.00),
(92,46,'Projeto Final','2026-04-12',10.00),
(93,47,'Avaliação 1','2026-03-15',10.00),
(94,47,'Projeto Final','2026-04-12',10.00),
(95,48,'Avaliação 1','2026-03-15',10.00),
(96,48,'Projeto Final','2026-04-12',10.00),
(97,49,'Avaliação 1','2026-03-22',10.00),
(98,49,'Projeto Final','2026-04-19',10.00),
(99,50,'Avaliação 1','2026-03-22',10.00),
(100,50,'Projeto Final','2026-04-19',10.00),
(101,51,'Avaliação 1','2026-03-22',10.00),
(102,51,'Projeto Final','2026-04-19',10.00),
(103,52,'Avaliação 1','2026-03-29',10.00),
(104,52,'Projeto Final','2026-04-26',10.00),
(105,53,'Avaliação 1','2026-03-29',10.00),
(106,53,'Projeto Final','2026-04-26',10.00),
(107,54,'Avaliação 1','2026-03-29',10.00),
(108,54,'Projeto Final','2026-04-26',10.00),
(109,55,'Avaliação 1','2026-04-05',10.00),
(110,55,'Projeto Final','2026-05-03',10.00),
(111,56,'Avaliação 1','2026-04-05',10.00),
(112,56,'Projeto Final','2026-05-03',10.00),
(113,57,'Avaliação 1','2026-04-05',10.00),
(114,57,'Projeto Final','2026-05-03',10.00),
(115,58,'Avaliação 1','2026-03-15',10.00),
(116,58,'Projeto Final','2026-04-12',10.00),
(117,59,'Avaliação 1','2026-03-15',10.00),
(118,59,'Projeto Final','2026-04-12',10.00),
(119,60,'Avaliação 1','2026-03-15',10.00),
(120,60,'Projeto Final','2026-04-12',10.00);

-- Atualizando a sequência do AUTO_INCREMENT (IDENTITY) para o Postgres
SELECT setval(pg_get_serial_sequence('avaliacao', 'codigo_avaliacao'), COALESCE(MAX(codigo_avaliacao), 1)) FROM avaliacao;

COMMIT;

CREATE TABLE nota (
  codigo_nota INT GENERATED BY DEFAULT AS IDENTITY PRIMARY KEY,
  codigo_avaliacao INT NOT NULL,
  codigo_matricula INT NOT NULL,
  nota NUMERIC(5,2) NOT NULL,
  observacao VARCHAR(200) DEFAULT NULL,
  CONSTRAINT nota_ibfk_1 FOREIGN KEY (codigo_avaliacao) REFERENCES avaliacao (codigo_avaliacao),
  CONSTRAINT nota_ibfk_2 FOREIGN KEY (codigo_matricula) REFERENCES matricula (codigo_matricula)
);

-- Criando os índices para otimizar buscas pelas chaves estrangeiras
CREATE INDEX idx_nota_avaliacao ON nota (codigo_avaliacao);
CREATE INDEX idx_nota_matricula ON nota (codigo_matricula);

BEGIN;

LOCK TABLE nota IN EXCLUSIVE MODE;

INSERT INTO nota VALUES 
(1,1,1,7.40,NULL),
(2,2,1,9.00,NULL),
(3,3,1,8.80,NULL),
(4,4,1,7.10,NULL),
(5,5,1,9.30,NULL),
(6,6,1,9.50,NULL),
(7,1,2,8.80,NULL),
(8,2,2,9.10,NULL),
(9,3,2,9.30,NULL),
(10,4,2,7.40,NULL),
(11,5,2,8.50,NULL),
(12,6,2,8.40,NULL),
(13,1,3,9.30,NULL),
(14,2,3,9.30,NULL),
(15,3,3,9.30,NULL),
(16,4,3,8.60,NULL),
(17,5,3,9.50,NULL),
(18,6,3,8.90,NULL),
(19,1,4,8.90,NULL),
(20,2,4,7.60,NULL),
(21,3,4,7.10,NULL),
(22,4,4,7.40,NULL),
(23,5,4,8.00,NULL),
(24,6,4,7.30,NULL),
(25,1,5,9.30,NULL),
(26,2,5,8.60,NULL),
(27,3,5,8.80,NULL),
(28,4,5,8.80,NULL),
(29,5,5,8.90,NULL),
(30,6,5,8.40,NULL),
(31,1,6,7.00,NULL),
(32,2,6,9.20,NULL),
(33,3,6,9.10,NULL),
(34,4,6,8.40,NULL),
(35,5,6,8.50,NULL),
(36,6,6,8.80,NULL),
(37,1,7,7.20,NULL),
(38,2,7,9.10,NULL),
(39,3,7,7.70,NULL),
(40,4,7,7.20,NULL),
(41,5,7,7.70,NULL),
(42,6,7,9.00,NULL),
(43,1,8,7.60,NULL),
(44,2,8,9.10,NULL),
(45,3,8,9.70,NULL),
(46,4,8,8.40,NULL),
(47,5,8,8.10,NULL),
(48,6,8,8.30,NULL),
(49,1,9,8.90,NULL),
(50,2,9,9.10,NULL),
(51,3,9,8.70,NULL),
(52,4,9,8.80,NULL),
(53,5,9,7.20,NULL),
(54,6,9,7.40,NULL),
(55,1,10,7.70,NULL),
(56,2,10,9.10,NULL),
(57,3,10,7.90,NULL),
(58,4,10,8.60,NULL),
(59,5,10,7.00,NULL),
(60,6,10,7.20,NULL),
(61,1,11,4.70,'Necessita recuperação'),
(62,2,11,5.70,'Necessita recuperação'),
(63,3,11,5.70,'Necessita recuperação'),
(64,4,11,5.70,'Necessita recuperação'),
(65,5,11,4.70,'Necessita recuperação'),
(66,6,11,5.30,'Necessita recuperação'),
(67,1,12,8.30,NULL),
(68,2,12,8.30,NULL),
(69,3,12,7.30,NULL),
(70,4,12,9.50,NULL),
(71,5,12,7.60,NULL),
(72,6,12,9.70,NULL),
(73,1,13,6.80,'Necessita recuperação'),
(74,2,13,5.50,'Necessita recuperação'),
(75,3,13,6.10,'Necessita recuperação'),
(76,4,13,6.60,'Necessita recuperação'),
(77,5,13,6.90,'Necessita recuperação'),
(78,6,13,6.10,'Necessita recuperação'),
(79,1,14,7.80,NULL),
(80,2,14,7.60,NULL),
(81,3,14,9.60,NULL),
(82,4,14,7.60,NULL),
(83,5,14,8.60,NULL),
(84,6,14,7.40,NULL),
(85,1,15,8.50,NULL),
(86,2,15,9.70,NULL),
(87,3,15,7.40,NULL),
(88,4,15,9.30,NULL),
(89,5,15,8.40,NULL),
(90,6,15,9.50,NULL),
(91,1,16,9.00,NULL),
(92,2,16,7.60,NULL),
(93,3,16,9.50,NULL),
(94,4,16,8.40,NULL),
(95,5,16,7.10,NULL),
(96,6,16,7.00,NULL),
(97,1,17,8.40,NULL),
(98,2,17,8.30,NULL),
(99,3,17,7.80,NULL),
(100,4,17,7.40,NULL),
(101,5,17,8.00,NULL),
(102,6,17,7.90,NULL),
(103,1,18,9.40,NULL),
(104,2,18,7.00,NULL),
(105,3,18,9.10,NULL),
(106,4,18,9.30,NULL),
(107,5,18,7.30,NULL),
(108,6,18,9.60,NULL),
(109,1,19,9.00,NULL),
(110,2,19,9.50,NULL),
(111,3,19,7.80,NULL),
(112,4,19,8.00,NULL),
(113,5,19,8.10,NULL),
(114,6,19,9.80,NULL),
(115,1,20,8.60,NULL),
(116,2,20,8.00,NULL),
(117,3,20,8.20,NULL),
(118,4,20,7.80,NULL),
(119,5,20,7.10,NULL),
(120,6,20,7.30,NULL),
(121,1,21,9.30,NULL),
(122,2,21,7.80,NULL),
(123,3,21,9.60,NULL),
(124,4,21,7.70,NULL),
(125,5,21,7.70,NULL),
(126,6,21,8.40,NULL),
(127,1,22,4.50,'Necessita recuperação'),
(128,2,22,4.90,'Necessita recuperação'),
(129,3,22,6.40,'Necessita recuperação'),
(130,4,22,6.20,'Necessita recuperação'),
(131,5,22,6.00,'Necessita recuperação'),
(132,6,22,5.60,'Necessita recuperação'),
(133,1,23,9.60,NULL),
(134,2,23,9.60,NULL),
(135,3,23,8.50,NULL),
(136,4,23,9.00,NULL),
(137,5,23,7.10,NULL),
(138,6,23,9.10,NULL),
(139,1,24,8.30,NULL),
(140,2,24,9.10,NULL),
(141,3,24,8.80,NULL),
(142,4,24,7.80,NULL),
(143,5,24,7.10,NULL),
(144,6,24,9.60,NULL),
(145,1,25,7.40,NULL),
(146,2,25,8.30,NULL),
(147,3,25,8.00,NULL),
(148,4,25,7.80,NULL),
(149,5,25,9.10,NULL),
(150,6,25,9.70,NULL),
(151,7,26,5.90,'Necessita recuperação'),
(152,8,26,6.40,'Necessita recuperação'),
(153,9,26,5.90,'Necessita recuperação'),
(154,10,26,6.30,'Necessita recuperação'),
(155,11,26,6.10,'Necessita recuperação'),
(156,12,26,5.70,'Necessita recuperação'),
(157,13,27,7.50,NULL),
(158,14,27,7.60,NULL),
(159,15,27,9.50,NULL),
(160,16,27,8.40,NULL),
(161,17,27,7.60,NULL),
(162,18,27,9.50,NULL),
(163,19,28,9.80,NULL),
(164,20,28,8.30,NULL),
(165,21,28,7.40,NULL),
(166,22,28,7.50,NULL),
(167,23,28,7.30,NULL),
(168,24,28,8.00,NULL),
(169,25,29,7.30,NULL),
(170,26,29,7.70,NULL),
(171,27,29,7.70,NULL),
(172,28,29,8.60,NULL),
(173,29,29,9.50,NULL),
(174,30,29,9.10,NULL),
(175,31,30,8.20,NULL),
(176,32,30,8.20,NULL),
(177,33,30,8.50,NULL),
(178,34,30,8.10,NULL),
(179,35,30,7.90,NULL),
(180,36,30,7.20,NULL),
(181,37,31,7.80,NULL),
(182,38,31,9.70,NULL),
(183,39,31,7.40,NULL),
(184,40,31,8.40,NULL),
(185,41,31,8.80,NULL),
(186,42,31,9.40,NULL),
(187,43,32,7.60,NULL),
(188,44,32,7.80,NULL),
(189,45,32,7.70,NULL),
(190,46,32,8.10,NULL),
(191,47,32,8.20,NULL),
(192,48,32,9.70,NULL),
(193,49,33,6.10,'Necessita recuperação'),
(194,50,33,6.20,'Necessita recuperação'),
(195,51,33,4.10,'Necessita recuperação'),
(196,52,33,4.10,'Necessita recuperação'),
(197,53,33,5.80,'Necessita recuperação'),
(198,54,33,6.20,'Necessita recuperação'),
(199,55,34,8.30,NULL),
(200,56,34,8.60,NULL),
(201,57,34,7.00,NULL),
(202,58,34,8.10,NULL),
(203,59,34,9.60,NULL),
(204,60,34,9.30,NULL),
(205,61,35,9.40,NULL),
(206,62,35,9.70,NULL),
(207,63,35,7.70,NULL),
(208,64,35,7.30,NULL),
(209,65,35,7.40,NULL),
(210,66,35,8.50,NULL),
(211,67,36,8.90,NULL),
(212,68,36,9.60,NULL),
(213,69,36,9.00,NULL),
(214,70,36,8.80,NULL),
(215,71,36,9.10,NULL),
(216,72,36,8.30,NULL),
(217,73,37,8.50,NULL),
(218,74,37,7.10,NULL),
(219,75,37,9.20,NULL),
(220,76,37,7.70,NULL),
(221,77,37,9.60,NULL),
(222,78,37,8.80,NULL),
(223,79,38,7.90,NULL),
(224,80,38,7.40,NULL),
(225,81,38,7.70,NULL),
(226,82,38,8.80,NULL),
(227,83,38,9.00,NULL),
(228,84,38,7.30,NULL),
(229,85,39,5.60,'Necessita recuperação'),
(230,86,39,6.20,'Necessita recuperação'),
(231,87,39,6.30,'Necessita recuperação'),
(232,88,39,6.00,'Necessita recuperação'),
(233,89,39,5.80,'Necessita recuperação'),
(234,90,39,6.30,'Necessita recuperação'),
(235,91,40,7.00,NULL),
(236,92,40,7.80,NULL),
(237,93,40,8.30,NULL),
(238,94,40,9.70,NULL),
(239,95,40,8.80,NULL),
(240,96,40,9.50,NULL),
(241,97,41,8.30,NULL),
(242,98,41,7.70,NULL),
(243,99,41,7.70,NULL),
(244,100,41,9.70,NULL),
(245,101,41,9.00,NULL),
(246,102,41,7.90,NULL),
(247,103,42,7.10,NULL),
(248,104,42,8.40,NULL),
(249,105,42,8.90,NULL),
(250,106,42,8.20,NULL),
(251,107,42,7.70,NULL),
(252,108,42,8.90,NULL),
(253,109,43,9.60,NULL),
(254,110,43,7.60,NULL),
(255,111,43,7.10,NULL),
(256,112,43,7.90,NULL),
(257,113,43,8.20,NULL),
(258,114,43,8.90,NULL),
(259,115,44,4.50,'Necessita recuperação'),
(260,116,44,6.00,'Necessita recuperação'),
(261,117,44,5.80,'Necessita recuperação'),
(262,118,44,5.30,'Necessita recuperação'),
(263,119,44,4.50,'Necessita recuperação'),
(264,120,44,6.40,'Necessita recuperação'),
(265,7,45,7.90,NULL),
(266,8,45,9.30,NULL),
(267,9,45,7.60,NULL),
(268,10,45,7.60,NULL),
(269,11,45,9.10,NULL),
(270,12,45,7.80,NULL),
(271,13,46,9.70,NULL),
(272,14,46,8.40,NULL),
(273,15,46,7.50,NULL),
(274,16,46,7.60,NULL),
(275,17,46,8.20,NULL),
(276,18,46,8.90,NULL),
(277,19,47,9.70,NULL),
(278,20,47,7.40,NULL),
(279,21,47,8.10,NULL),
(280,22,47,7.60,NULL),
(281,23,47,9.70,NULL),
(282,24,47,7.40,NULL),
(283,25,48,7.10,NULL),
(284,26,48,7.20,NULL),
(285,27,48,8.10,NULL),
(286,28,48,9.50,NULL),
(287,29,48,9.50,NULL),
(288,30,48,9.10,NULL),
(289,31,49,9.80,NULL),
(290,32,49,9.60,NULL),
(291,33,49,7.90,NULL),
(292,34,49,7.50,NULL),
(293,35,49,9.60,NULL),
(294,36,49,9.10,NULL),
(295,37,50,7.10,NULL),
(296,38,50,8.90,NULL),
(297,39,50,8.10,NULL),
(298,40,50,8.00,NULL),
(299,41,50,7.90,NULL),
(300,42,50,7.50,NULL),
(301,43,51,7.00,NULL),
(302,44,51,7.80,NULL),
(303,45,51,8.00,NULL),
(304,46,51,9.70,NULL),
(305,47,51,7.30,NULL),
(306,48,51,9.70,NULL),
(307,49,52,5.80,'Necessita recuperação'),
(308,50,52,6.00,'Necessita recuperação'),
(309,51,52,6.70,'Necessita recuperação'),
(310,52,52,6.70,'Necessita recuperação'),
(311,53,52,6.10,'Necessita recuperação'),
(312,54,52,5.60,'Necessita recuperação'),
(313,55,53,8.30,NULL),
(314,56,53,8.00,NULL),
(315,57,53,9.60,NULL),
(316,58,53,7.50,NULL),
(317,59,53,8.00,NULL),
(318,60,53,9.50,NULL),
(319,61,54,7.10,NULL),
(320,62,54,8.20,NULL),
(321,63,54,9.30,NULL),
(322,64,54,9.10,NULL),
(323,65,54,7.10,NULL),
(324,66,54,7.10,NULL),
(325,67,55,4.20,'Necessita recuperação'),
(326,68,55,6.30,'Necessita recuperação'),
(327,69,55,4.60,'Necessita recuperação'),
(328,70,55,5.90,'Necessita recuperação'),
(329,71,55,6.20,'Necessita recuperação'),
(330,72,55,4.80,'Necessita recuperação'),
(331,73,56,7.80,NULL),
(332,74,56,9.70,NULL),
(333,75,56,8.70,NULL),
(334,76,56,7.70,NULL),
(335,77,56,9.00,NULL),
(336,78,56,7.90,NULL),
(337,79,57,7.80,NULL),
(338,80,57,7.00,NULL),
(339,81,57,9.10,NULL),
(340,82,57,9.60,NULL),
(341,83,57,8.80,NULL),
(342,84,57,9.60,NULL),
(343,85,58,7.10,NULL),
(344,86,58,7.70,NULL),
(345,87,58,8.30,NULL),
(346,88,58,9.70,NULL),
(347,89,58,9.70,NULL),
(348,90,58,8.10,NULL),
(349,91,59,7.70,NULL),
(350,92,59,8.20,NULL),
(351,93,59,8.40,NULL),
(352,94,59,9.60,NULL),
(353,95,59,7.50,NULL),
(354,96,59,9.20,NULL),
(355,97,60,9.10,NULL),
(356,98,60,9.30,NULL),
(357,99,60,9.20,NULL),
(358,100,60,8.70,NULL),
(359,101,60,7.90,NULL),
(360,102,60,7.90,NULL),
(361,103,61,8.00,NULL),
(362,104,61,9.20,NULL),
(363,105,61,7.20,NULL),
(364,106,61,7.60,NULL),
(365,107,61,9.10,NULL),
(366,108,61,7.70,NULL),
(367,109,62,7.20,NULL),
(368,110,62,7.10,NULL),
(369,111,62,8.50,NULL),
(370,112,62,7.90,NULL),
(371,113,62,9.70,NULL),
(372,114,62,9.50,NULL),
(373,115,63,9.80,NULL),
(374,116,63,7.70,NULL),
(375,117,63,7.20,NULL),
(376,118,63,7.30,NULL),
(377,119,63,8.40,NULL),
(378,120,63,9.00,NULL),
(379,7,64,8.30,NULL),
(380,8,64,7.70,NULL),
(381,9,64,8.20,NULL),
(382,10,64,8.70,NULL),
(383,11,64,8.90,NULL),
(384,12,64,9.10,NULL),
(385,13,65,6.70,'Necessita recuperação'),
(386,14,65,6.40,'Necessita recuperação'),
(387,15,65,5.70,'Necessita recuperação'),
(388,16,65,6.70,'Necessita recuperação'),
(389,17,65,5.90,'Necessita recuperação'),
(390,18,65,6.30,'Necessita recuperação'),
(391,19,66,4.90,'Necessita recuperação'),
(392,20,66,5.80,'Necessita recuperação'),
(393,21,66,4.50,'Necessita recuperação'),
(394,22,66,4.60,'Necessita recuperação'),
(395,23,66,4.60,'Necessita recuperação'),
(396,24,66,4.40,'Necessita recuperação'),
(397,25,67,9.50,NULL),
(398,26,67,8.60,NULL),
(399,27,67,7.90,NULL),
(400,28,67,8.10,NULL),
(401,29,67,9.80,NULL),
(402,30,67,8.40,NULL),
(403,31,68,7.60,NULL),
(404,32,68,9.30,NULL),
(405,33,68,8.80,NULL),
(406,34,68,9.80,NULL),
(407,35,68,7.30,NULL),
(408,36,68,8.30,NULL),
(409,37,69,9.30,NULL),
(410,38,69,9.40,NULL),
(411,39,69,9.60,NULL),
(412,40,69,7.10,NULL),
(413,41,69,7.80,NULL),
(414,42,69,7.30,NULL),
(415,43,70,7.50,NULL),
(416,44,70,9.70,NULL),
(417,45,70,8.60,NULL),
(418,46,70,9.60,NULL),
(419,47,70,8.00,NULL),
(420,48,70,9.40,NULL),
(421,49,71,8.30,NULL),
(422,50,71,7.70,NULL),
(423,51,71,9.20,NULL),
(424,52,71,9.60,NULL),
(425,53,71,7.30,NULL),
(426,54,71,8.70,NULL),
(427,55,72,8.70,NULL),
(428,56,72,7.60,NULL),
(429,57,72,8.00,NULL),
(430,58,72,7.40,NULL),
(431,59,72,7.60,NULL),
(432,60,72,7.70,NULL),
(433,61,73,8.70,NULL),
(434,62,73,8.80,NULL),
(435,63,73,7.60,NULL),
(436,64,73,7.00,NULL),
(437,65,73,7.90,NULL),
(438,66,73,8.90,NULL),
(439,67,74,7.50,NULL),
(440,68,74,7.90,NULL),
(441,69,74,7.60,NULL),
(442,70,74,9.20,NULL),
(443,71,74,8.50,NULL),
(444,72,74,7.20,NULL),
(445,73,75,7.30,NULL),
(446,74,75,8.10,NULL),
(447,75,75,8.50,NULL),
(448,76,75,8.80,NULL),
(449,77,75,7.30,NULL),
(450,78,75,7.50,NULL),
(451,79,76,8.90,NULL),
(452,80,76,8.10,NULL),
(453,81,76,7.80,NULL),
(454,82,76,7.90,NULL),
(455,83,76,9.70,NULL),
(456,84,76,7.90,NULL),
(457,85,77,5.40,'Necessita recuperação'),
(458,86,77,4.90,'Necessita recuperação'),
(459,87,77,5.00,'Necessita recuperação'),
(460,88,77,6.20,'Necessita recuperação'),
(461,89,77,6.50,'Necessita recuperação'),
(462,90,77,4.90,'Necessita recuperação'),
(463,91,78,5.80,'Necessita recuperação'),
(464,92,78,6.50,'Necessita recuperação'),
(465,93,78,5.80,'Necessita recuperação'),
(466,94,78,5.50,'Necessita recuperação'),
(467,95,78,6.80,'Necessita recuperação'),
(468,96,78,6.10,'Necessita recuperação'),
(469,97,79,9.30,NULL),
(470,98,79,8.10,NULL),
(471,99,79,9.50,NULL),
(472,100,79,8.30,NULL),
(473,101,79,7.50,NULL),
(474,102,79,7.00,NULL),
(475,103,80,8.50,NULL),
(476,104,80,8.80,NULL),
(477,105,80,9.50,NULL),
(478,106,80,7.20,NULL),
(479,107,80,8.70,NULL),
(480,108,80,8.00,NULL);

-- Atualizando a sequência do AUTO_INCREMENT (IDENTITY) para o Postgres
SELECT setval(pg_get_serial_sequence('nota', 'codigo_nota'), COALESCE(MAX(codigo_nota), 1)) FROM nota;

COMMIT;

CREATE TABLE certificado (
  codigo_certificado INT GENERATED BY DEFAULT AS IDENTITY PRIMARY KEY,
  codigo_matricula INT NOT NULL,
  data_emissao DATE DEFAULT NULL,
  codigo_verificacao VARCHAR(50) DEFAULT NULL,
  carga_horaria_total INT NOT NULL,
  situacao VARCHAR(20) NOT NULL,
  observacao VARCHAR(200) DEFAULT NULL,
  CONSTRAINT certificado_matricula_uk UNIQUE (codigo_matricula),
  CONSTRAINT certificado_verificacao_uk UNIQUE (codigo_verificacao),
  CONSTRAINT certificado_ibfk_1 FOREIGN KEY (codigo_matricula) REFERENCES matricula (codigo_matricula)
);

BEGIN;

LOCK TABLE certificado IN EXCLUSIVE MODE;

INSERT INTO certificado VALUES 
(1,1,'2026-07-15','CERT-2026-00001',60,'Emitido',NULL),
(2,2,'2026-07-15','CERT-2026-00002',60,'Emitido',NULL),
(3,3,'2026-07-15','CERT-2026-00003',60,'Emitido',NULL),
(4,4,'2026-07-15','CERT-2026-00004',60,'Emitido',NULL),
(5,5,'2026-07-15','CERT-2026-00005',60,'Emitido',NULL),
(6,6,'2026-07-15','CERT-2026-00006',60,'Emitido',NULL),
(7,7,NULL,'CERT-2026-00007',60,'Pendente',NULL),
(8,8,NULL,'CERT-2026-00008',60,'Pendente',NULL),
(9,9,NULL,'CERT-2026-00009',60,'Pendente',NULL),
(10,10,NULL,'CERT-2026-00010',60,'Pendente',NULL);

-- Atualizando a sequência do AUTO_INCREMENT (IDENTITY) para o Postgres
SELECT setval(pg_get_serial_sequence('certificado', 'codigo_certificado'), COALESCE(MAX(codigo_certificado), 1)) FROM certificado;

COMMIT;

-- 2. Criação do índice (No Postgres, isso é feito fora do CREATE TABLE)
CREATE INDEX idx_aula_codigo_disciplina ON aula (codigo_disciplina);

CREATE TABLE frequencia (
  codigo_frequencia INT GENERATED BY DEFAULT AS IDENTITY PRIMARY KEY,
  codigo_aula INT NOT NULL,
  codigo_matricula INT NOT NULL,
  presenca VARCHAR(20) NOT NULL,
  justificativa VARCHAR(200) DEFAULT NULL,
  CONSTRAINT frequencia_ibfk_1 FOREIGN KEY (codigo_aula) REFERENCES aula (codigo_aula),
  CONSTRAINT frequencia_ibfk_2 FOREIGN KEY (codigo_matricula) REFERENCES matricula (codigo_matricula)
);

-- Criando os índices para otimizar as buscas pelas chaves estrangeiras
CREATE INDEX idx_frequencia_aula ON frequencia (codigo_aula);
CREATE INDEX idx_frequencia_matricula ON frequencia (codigo_matricula);

BEGIN;

LOCK TABLE frequencia IN EXCLUSIVE MODE;


INSERT INTO frequencia (codigo_frequencia, codigo_aula, codigo_matricula, presenca, justificativa) VALUES 
(1,1,1,'Presente',NULL),
(2,1,2,'Presente',NULL),
(3,1,3,'Presente',NULL),
(4,1,4,'Presente',NULL),
(5,1,5,'Presente',NULL),
(6,1,6,'Presente',NULL),
(7,1,7,'Presente',NULL),
(8,1,8,'Presente',NULL),
(9,1,9,'Falta justificada','Justificativa registrada'),
(10,1,10,'Presente',NULL),
(11,1,11,'Presente',NULL),
(12,1,12,'Presente',NULL),
(13,1,13,'Presente',NULL),
(14,1,14,'Presente',NULL),
(15,1,15,'Presente',NULL),
(16,1,16,'Presente',NULL),
(17,1,17,'Presente',NULL),
(18,1,18,'Falta justificada','Justificativa registrada'),
(19,1,19,'Presente',NULL),
(20,1,20,'Presente',NULL),
(21,1,21,'Presente',NULL),
(22,1,22,'Presente',NULL),
(23,1,23,'Presente',NULL),
(24,1,24,'Presente',NULL),
(25,1,25,'Presente',NULL),
(26,2,1,'Presente',NULL),
(27,2,2,'Presente',NULL),
(28,2,3,'Presente',NULL),
(29,2,4,'Presente',NULL),
(30,2,5,'Presente',NULL),
(31,2,6,'Presente',NULL),
(32,2,7,'Presente',NULL),
(33,2,8,'Presente',NULL),
(34,2,9,'Presente',NULL),
(35,2,10,'Presente',NULL),
(36,2,11,'Presente',NULL),
(37,2,12,'Presente',NULL),
(38,2,13,'Presente',NULL),
(39,2,14,'Presente',NULL),
(40,2,15,'Presente',NULL),
(41,2,16,'Presente',NULL),
(42,2,17,'Falta',NULL),
(43,2,18,'Presente',NULL),
(44,2,19,'Presente',NULL),
(45,2,20,'Presente',NULL),
(46,2,21,'Presente',NULL),
(47,2,22,'Presente',NULL),
(48,2,23,'Presente',NULL),
(49,2,24,'Presente',NULL),
(50,2,25,'Presente',NULL),
(51,3,1,'Presente',NULL),
(52,3,2,'Presente',NULL),
(53,3,3,'Presente',NULL),
(54,3,4,'Presente',NULL),
(55,3,5,'Presente',NULL),
(56,3,6,'Presente',NULL),
(57,3,7,'Presente',NULL),
(58,3,8,'Presente',NULL),
(59,3,9,'Presente',NULL),
(60,3,10,'Presente',NULL),
(61,3,11,'Presente',NULL),
(62,3,12,'Presente',NULL),
(63,3,13,'Presente',NULL),
(64,3,14,'Presente',NULL),
(65,3,15,'Presente',NULL),
(66,3,16,'Presente',NULL),
(67,3,17,'Falta',NULL),
(68,3,18,'Presente',NULL),
(69,3,19,'Presente',NULL),
(70,3,20,'Presente',NULL),
(71,3,21,'Presente',NULL),
(72,3,22,'Presente',NULL),
(73,3,23,'Presente',NULL),
(74,3,24,'Presente',NULL),
(75,3,25,'Presente',NULL),
(76,4,1,'Presente',NULL),
(77,4,2,'Presente',NULL),
(78,4,3,'Presente',NULL),
(79,4,4,'Presente',NULL),
(80,4,5,'Presente',NULL),
(81,4,6,'Presente',NULL),
(82,4,7,'Presente',NULL),
(83,4,8,'Presente',NULL),
(84,4,9,'Presente',NULL),
(85,4,10,'Presente',NULL),
(86,4,11,'Presente',NULL),
(87,4,12,'Presente',NULL),
(88,4,13,'Presente',NULL),
(89,4,14,'Presente',NULL),
(90,4,15,'Presente',NULL),
(91,4,16,'Presente',NULL),
(92,4,17,'Presente',NULL),
(93,4,18,'Presente',NULL),
(94,4,19,'Presente',NULL),
(95,4,20,'Presente',NULL),
(96,4,21,'Presente',NULL),
(97,4,22,'Presente',NULL),
(98,4,23,'Presente',NULL),
(99,4,24,'Presente',NULL),
(100,4,25,'Presente',NULL),
(101,5,1,'Presente',NULL),
(102,5,2,'Presente',NULL),
(103,5,3,'Presente',NULL),
(104,5,4,'Presente',NULL),
(105,5,5,'Presente',NULL),
(106,5,6,'Presente',NULL),
(107,5,7,'Presente',NULL),
(108,5,8,'Presente',NULL),
(109,5,9,'Falta justificada','Justificativa registrada'),
(110,5,10,'Presente',NULL),
(111,5,11,'Presente',NULL),
(112,5,12,'Presente',NULL),
(113,5,13,'Presente',NULL),
(114,5,14,'Presente',NULL),
(115,5,15,'Presente',NULL),
(116,5,16,'Presente',NULL),
(117,5,17,'Presente',NULL),
(118,5,18,'Falta justificada','Justificativa registrada'),
(119,5,19,'Presente',NULL),
(120,5,20,'Presente',NULL),
(121,5,21,'Presente',NULL),
(122,5,22,'Presente',NULL),
(123,5,23,'Presente',NULL),
(124,5,24,'Presente',NULL),
(125,5,25,'Presente',NULL),
(126,6,1,'Presente',NULL),
(127,6,2,'Presente',NULL),
(128,6,3,'Presente',NULL),
(129,6,4,'Presente',NULL),
(130,6,5,'Presente',NULL),
(131,6,6,'Presente',NULL),
(132,6,7,'Presente',NULL),
(133,6,8,'Presente',NULL),
(134,6,9,'Presente',NULL),
(135,6,10,'Presente',NULL),
(136,6,11,'Presente',NULL),
(137,6,12,'Presente',NULL),
(138,6,13,'Presente',NULL),
(139,6,14,'Presente',NULL),
(140,6,15,'Presente',NULL),
(141,6,16,'Presente',NULL),
(142,6,17,'Falta',NULL),
(143,6,18,'Presente',NULL),
(144,6,19,'Presente',NULL),
(145,6,20,'Presente',NULL),
(146,6,21,'Presente',NULL),
(147,6,22,'Presente',NULL),
(148,6,23,'Presente',NULL),
(149,6,24,'Presente',NULL),
(150,6,25,'Presente',NULL),
(151,7,1,'Presente',NULL),
(152,7,2,'Presente',NULL),
(153,7,3,'Presente',NULL),
(154,7,4,'Presente',NULL),
(155,7,5,'Presente',NULL),
(156,7,6,'Presente',NULL),
(157,7,7,'Presente',NULL),
(158,7,8,'Presente',NULL),
(159,7,9,'Presente',NULL),
(160,7,10,'Presente',NULL),
(161,7,11,'Presente',NULL),
(162,7,12,'Presente',NULL),
(163,7,13,'Presente',NULL),
(164,7,14,'Presente',NULL),
(165,7,15,'Presente',NULL),
(166,7,16,'Presente',NULL),
(167,7,17,'Falta',NULL),
(168,7,18,'Presente',NULL),
(169,7,19,'Presente',NULL),
(170,7,20,'Presente',NULL),
(171,7,21,'Presente',NULL),
(172,7,22,'Presente',NULL),
(173,7,23,'Presente',NULL),
(174,7,24,'Presente',NULL),
(175,7,25,'Presente',NULL),
(176,8,1,'Presente',NULL),
(177,8,2,'Presente',NULL),
(178,8,3,'Presente',NULL),
(179,8,4,'Presente',NULL),
(180,8,5,'Presente',NULL),
(181,8,6,'Presente',NULL),
(182,8,7,'Presente',NULL),
(183,8,8,'Presente',NULL),
(184,8,9,'Presente',NULL),
(185,8,10,'Presente',NULL),
(186,8,11,'Presente',NULL),
(187,8,12,'Presente',NULL),
(188,8,13,'Presente',NULL),
(189,8,14,'Presente',NULL),
(190,8,15,'Presente',NULL),
(191,8,16,'Presente',NULL),
(192,8,17,'Presente',NULL),
(193,8,18,'Presente',NULL),
(194,8,19,'Presente',NULL),
(195,8,20,'Presente',NULL),
(196,8,21,'Presente',NULL),
(197,8,22,'Presente',NULL),
(198,8,23,'Presente',NULL),
(199,8,24,'Presente',NULL),
(200,8,25,'Presente',NULL),
(201,9,1,'Presente',NULL),
(202,9,2,'Presente',NULL),
(203,9,3,'Presente',NULL),
(204,9,4,'Presente',NULL),
(205,9,5,'Presente',NULL),
(206,9,6,'Presente',NULL),
(207,9,7,'Presente',NULL),
(208,9,8,'Presente',NULL),
(209,9,9,'Falta justificada','Justificativa registrada'),
(210,9,10,'Presente',NULL),
(211,9,11,'Presente',NULL),
(212,9,12,'Presente',NULL),
(213,9,13,'Presente',NULL),
(214,9,14,'Presente',NULL),
(215,9,15,'Presente',NULL),
(216,9,16,'Presente',NULL),
(217,9,17,'Presente',NULL),
(218,9,18,'Falta justificada','Justificativa registrada'),
(219,9,19,'Presente',NULL),
(220,9,20,'Presente',NULL),
(221,9,21,'Presente',NULL),
(222,9,22,'Presente',NULL),
(223,9,23,'Presente',NULL),
(224,9,24,'Presente',NULL),
(225,9,25,'Presente',NULL),
(226,10,1,'Presente',NULL),
(227,10,2,'Presente',NULL),
(228,10,3,'Presente',NULL),
(229,10,4,'Presente',NULL),
(230,10,5,'Presente',NULL),
(231,10,6,'Presente',NULL),
(232,10,7,'Presente',NULL),
(233,10,8,'Presente',NULL),
(234,10,9,'Presente',NULL),
(235,10,10,'Presente',NULL),
(236,10,11,'Presente',NULL),
(237,10,12,'Presente',NULL),
(238,10,13,'Presente',NULL),
(239,10,14,'Presente',NULL),
(240,10,15,'Presente',NULL),
(241,10,16,'Presente',NULL),
(242,10,17,'Falta',NULL),
(243,10,18,'Presente',NULL),
(244,10,19,'Presente',NULL),
(245,10,20,'Presente',NULL),
(246,10,21,'Presente',NULL),
(247,10,22,'Presente',NULL),
(248,10,23,'Presente',NULL),
(249,10,24,'Presente',NULL),
(250,10,25,'Presente',NULL),
(251,11,1,'Presente',NULL),
(252,11,2,'Presente',NULL),
(253,11,3,'Presente',NULL),
(254,11,4,'Presente',NULL),
(255,11,5,'Presente',NULL),
(256,11,6,'Presente',NULL),
(257,11,7,'Presente',NULL),
(258,11,8,'Presente',NULL),
(259,11,9,'Presente',NULL),
(260,11,10,'Presente',NULL),
(261,11,11,'Presente',NULL),
(262,11,12,'Presente',NULL),
(263,11,13,'Presente',NULL),
(264,11,14,'Presente',NULL),
(265,11,15,'Presente',NULL),
(266,11,16,'Presente',NULL),
(267,11,17,'Falta',NULL),
(268,11,18,'Presente',NULL),
(269,11,19,'Presente',NULL),
(270,11,20,'Presente',NULL),
(271,11,21,'Presente',NULL),
(272,11,22,'Presente',NULL),
(273,11,23,'Presente',NULL),
(274,11,24,'Presente',NULL),
(275,11,25,'Presente',NULL),
(276,12,1,'Presente',NULL),
(277,12,2,'Presente',NULL),
(278,12,3,'Presente',NULL),
(279,12,4,'Presente',NULL),
(280,12,5,'Presente',NULL),
(281,12,6,'Presente',NULL),
(282,12,7,'Presente',NULL),
(283,12,8,'Presente',NULL),
(284,12,9,'Presente',NULL),
(285,12,10,'Presente',NULL),
(286,12,11,'Presente',NULL),
(287,12,12,'Presente',NULL),
(288,12,13,'Presente',NULL),
(289,12,14,'Presente',NULL),
(290,12,15,'Presente',NULL),
(291,12,16,'Presente',NULL),
(292,12,17,'Presente',NULL),
(293,12,18,'Presente',NULL),
(294,12,19,'Presente',NULL),
(295,12,20,'Presente',NULL),
(296,12,21,'Presente',NULL),
(297,12,22,'Presente',NULL),
(298,12,23,'Presente',NULL),
(299,12,24,'Presente',NULL),
(300,12,25,'Presente',NULL),
(301,13,26,'Presente',NULL),
(302,13,45,'Falta justificada','Justificativa registrada'),
(303,13,64,'Presente',NULL),
(304,14,26,'Presente',NULL),
(305,14,45,'Presente',NULL),
(306,14,64,'Presente',NULL),
(307,15,26,'Presente',NULL),
(308,15,45,'Presente',NULL),
(309,15,64,'Presente',NULL),
(310,16,26,'Presente',NULL),
(311,16,45,'Presente',NULL),
(312,16,64,'Presente',NULL),
(313,17,26,'Presente',NULL),
(314,17,45,'Falta justificada','Justificativa registrada'),
(315,17,64,'Presente',NULL),
(316,18,26,'Presente',NULL),
(317,18,45,'Presente',NULL),
(318,18,64,'Presente',NULL),
(319,19,26,'Presente',NULL),
(320,19,45,'Presente',NULL),
(321,19,64,'Presente',NULL),
(322,20,26,'Presente',NULL),
(323,20,45,'Presente',NULL),
(324,20,64,'Presente',NULL),
(325,21,26,'Presente',NULL),
(326,21,45,'Falta justificada','Justificativa registrada'),
(327,21,64,'Presente',NULL),
(328,22,26,'Presente',NULL),
(329,22,45,'Presente',NULL),
(330,22,64,'Presente',NULL),
(331,23,26,'Presente',NULL),
(332,23,45,'Presente',NULL),
(333,23,64,'Presente',NULL),
(334,24,26,'Presente',NULL),
(335,24,45,'Presente',NULL),
(336,24,64,'Presente',NULL),
(337,25,27,'Falta justificada','Justificativa registrada'),
(338,25,46,'Presente',NULL),
(339,25,65,'Presente',NULL),
(340,26,27,'Presente',NULL),
(341,26,46,'Presente',NULL),
(342,26,65,'Presente',NULL),
(343,27,27,'Presente',NULL),
(344,27,46,'Presente',NULL),
(345,27,65,'Presente',NULL),
(346,28,27,'Presente',NULL),
(347,28,46,'Presente',NULL),
(348,28,65,'Presente',NULL),
(349,29,27,'Falta justificada','Justificativa registrada'),
(350,29,46,'Presente',NULL),
(351,29,65,'Presente',NULL),
(352,30,27,'Presente',NULL),
(353,30,46,'Presente',NULL),
(354,30,65,'Presente',NULL),
(355,31,27,'Presente',NULL),
(356,31,46,'Presente',NULL),
(357,31,65,'Presente',NULL),
(358,32,27,'Presente',NULL),
(359,32,46,'Presente',NULL),
(360,32,65,'Presente',NULL),
(361,33,27,'Falta justificada','Justificativa registrada'),
(362,33,46,'Presente',NULL),
(363,33,65,'Presente',NULL),
(364,34,27,'Presente',NULL),
(365,34,46,'Presente',NULL),
(366,34,65,'Presente',NULL),
(367,35,27,'Presente',NULL),
(368,35,46,'Presente',NULL),
(369,35,65,'Presente',NULL),
(370,36,27,'Presente',NULL),
(371,36,46,'Presente',NULL),
(372,36,65,'Presente',NULL),
(373,37,28,'Presente',NULL),
(374,37,47,'Presente',NULL),
(375,37,66,'Presente',NULL),
(376,38,28,'Presente',NULL),
(377,38,47,'Presente',NULL),
(378,38,66,'Presente',NULL),
(379,39,28,'Presente',NULL),
(380,39,47,'Presente',NULL),
(381,39,66,'Presente',NULL),
(382,40,28,'Presente',NULL),
(383,40,47,'Presente',NULL),
(384,40,66,'Presente',NULL),
(385,41,28,'Presente',NULL),
(386,41,47,'Presente',NULL),
(387,41,66,'Presente',NULL),
(388,42,28,'Presente',NULL),
(389,42,47,'Presente',NULL),
(390,42,66,'Presente',NULL),
(391,43,28,'Presente',NULL),
(392,43,47,'Presente',NULL),
(393,43,66,'Presente',NULL),
(394,44,28,'Presente',NULL),
(395,44,47,'Presente',NULL),
(396,44,66,'Presente',NULL),
(397,45,28,'Presente',NULL),
(398,45,47,'Presente',NULL),
(399,45,66,'Presente',NULL),
(400,46,28,'Presente',NULL),
(401,46,47,'Presente',NULL),
(402,46,66,'Presente',NULL),
(403,47,28,'Presente',NULL),
(404,47,47,'Presente',NULL),
(405,47,66,'Presente',NULL),
(406,48,28,'Presente',NULL),
(407,48,47,'Presente',NULL),
(408,48,66,'Presente',NULL),
(409,49,29,'Presente',NULL),
(410,49,48,'Presente',NULL),
(411,49,67,'Presente',NULL),
(412,50,29,'Presente',NULL),
(413,50,48,'Presente',NULL),
(414,50,67,'Presente',NULL),
(415,51,29,'Presente',NULL),
(416,51,48,'Presente',NULL),
(417,51,67,'Presente',NULL),
(418,52,29,'Presente',NULL),
(419,52,48,'Presente',NULL),
(420,52,67,'Presente',NULL),
(421,53,29,'Presente',NULL),
(422,53,48,'Presente',NULL),
(423,53,67,'Presente',NULL),
(424,54,29,'Presente',NULL),
(425,54,48,'Presente',NULL),
(426,54,67,'Presente',NULL),
(427,55,29,'Presente',NULL),
(428,55,48,'Presente',NULL),
(429,55,67,'Presente',NULL),
(430,56,29,'Presente',NULL),
(431,56,48,'Presente',NULL),
(432,56,67,'Presente',NULL),
(433,57,29,'Presente',NULL),
(434,57,48,'Presente',NULL),
(435,57,67,'Presente',NULL),
(436,58,29,'Presente',NULL),
(437,58,48,'Presente',NULL),
(438,58,67,'Presente',NULL),
(439,59,29,'Presente',NULL),
(440,59,48,'Presente',NULL),
(441,59,67,'Presente',NULL),
(442,60,29,'Presente',NULL),
(443,60,48,'Presente',NULL),
(444,60,67,'Presente',NULL),
(445,61,30,'Presente',NULL),
(446,61,49,'Presente',NULL),
(447,61,68,'Presente',NULL),
(448,62,30,'Presente',NULL),
(449,62,49,'Presente',NULL),
(450,62,68,'Falta',NULL),
(451,63,30,'Presente',NULL),
(452,63,49,'Presente',NULL),
(453,63,68,'Falta',NULL),
(454,64,30,'Presente',NULL),
(455,64,49,'Presente',NULL),
(456,64,68,'Presente',NULL),
(457,65,30,'Presente',NULL),
(458,65,49,'Presente',NULL),
(459,65,68,'Presente',NULL),
(460,66,30,'Presente',NULL),
(461,66,49,'Presente',NULL),
(462,66,68,'Falta',NULL),
(463,67,30,'Presente',NULL),
(464,67,49,'Presente',NULL),
(465,67,68,'Falta',NULL),
(466,68,30,'Presente',NULL),
(467,68,49,'Presente',NULL),
(468,68,68,'Presente',NULL),
(469,69,30,'Presente',NULL),
(470,69,49,'Presente',NULL),
(471,69,68,'Presente',NULL),
(472,70,30,'Presente',NULL),
(473,70,49,'Presente',NULL),
(474,70,68,'Falta',NULL),
(475,71,30,'Presente',NULL),
(476,71,49,'Presente',NULL),
(477,71,68,'Falta',NULL),
(478,72,30,'Presente',NULL),
(479,72,49,'Presente',NULL),
(480,72,68,'Presente',NULL),
(481,73,31,'Presente',NULL),
(482,73,50,'Presente',NULL),
(483,73,69,'Presente',NULL),
(484,74,31,'Presente',NULL),
(485,74,50,'Presente',NULL),
(486,74,69,'Presente',NULL),
(487,75,31,'Presente',NULL),
(488,75,50,'Presente',NULL),
(489,75,69,'Presente',NULL),
(490,76,31,'Presente',NULL),
(491,76,50,'Presente',NULL),
(492,76,69,'Presente',NULL),
(493,77,31,'Presente',NULL),
(494,77,50,'Presente',NULL),
(495,77,69,'Presente',NULL),
(496,78,31,'Presente',NULL),
(497,78,50,'Presente',NULL),
(498,78,69,'Presente',NULL),
(499,79,31,'Presente',NULL),
(500,79,50,'Presente',NULL),
(501,79,69,'Presente',NULL),
(502,80,31,'Presente',NULL),
(503,80,50,'Presente',NULL),
(504,80,69,'Presente',NULL),
(505,81,31,'Presente',NULL),
(506,81,50,'Presente',NULL),
(507,81,69,'Presente',NULL),
(508,82,31,'Presente',NULL),
(509,82,50,'Presente',NULL),
(510,82,69,'Presente',NULL),
(511,83,31,'Presente',NULL),
(512,83,50,'Presente',NULL),
(513,83,69,'Presente',NULL),
(514,84,31,'Presente',NULL),
(515,84,50,'Presente',NULL),
(516,84,69,'Presente',NULL),
(517,85,32,'Presente',NULL),
(518,85,51,'Presente',NULL),
(519,85,70,'Presente',NULL),
(520,86,32,'Presente',NULL),
(521,86,51,'Falta',NULL),
(522,86,70,'Presente',NULL),
(523,87,32,'Presente',NULL),
(524,87,51,'Falta',NULL),
(525,87,70,'Presente',NULL),
(526,88,32,'Presente',NULL),
(527,88,51,'Presente',NULL),
(528,88,70,'Presente',NULL),
(529,89,32,'Presente',NULL),
(530,89,51,'Presente',NULL),
(531,89,70,'Presente',NULL),
(532,90,32,'Presente',NULL),
(533,90,51,'Falta',NULL),
(534,90,70,'Presente',NULL),
(535,91,32,'Presente',NULL),
(536,91,51,'Falta',NULL),
(537,91,70,'Presente',NULL),
(538,92,32,'Presente',NULL),
(539,92,51,'Presente',NULL),
(540,92,70,'Presente',NULL),
(541,93,32,'Presente',NULL),
(542,93,51,'Presente',NULL),
(543,93,70,'Presente',NULL),
(544,94,32,'Presente',NULL),
(545,94,51,'Falta',NULL),
(546,94,70,'Presente',NULL),
(547,95,32,'Presente',NULL),
(548,95,51,'Falta',NULL),
(549,95,70,'Presente',NULL),
(550,96,32,'Presente',NULL),
(551,96,51,'Presente',NULL),
(552,96,70,'Presente',NULL),
(553,97,33,'Presente',NULL),
(554,97,52,'Presente',NULL),
(555,97,71,'Presente',NULL),
(556,98,33,'Presente',NULL),
(557,98,52,'Presente',NULL),
(558,98,71,'Presente',NULL),
(559,99,33,'Presente',NULL),
(560,99,52,'Presente',NULL),
(561,99,71,'Presente',NULL),
(562,100,33,'Presente',NULL),
(563,100,52,'Presente',NULL),
(564,100,71,'Presente',NULL),
(565,101,33,'Presente',NULL),
(566,101,52,'Presente',NULL),
(567,101,71,'Presente',NULL),
(568,102,33,'Presente',NULL),
(569,102,52,'Presente',NULL),
(570,102,71,'Presente',NULL),
(571,103,33,'Presente',NULL),
(572,103,52,'Presente',NULL),
(573,103,71,'Presente',NULL),
(574,104,33,'Presente',NULL),
(575,104,52,'Presente',NULL),
(576,104,71,'Presente',NULL),
(577,105,33,'Presente',NULL),
(578,105,52,'Presente',NULL),
(579,105,71,'Presente',NULL),
(580,106,33,'Presente',NULL),
(581,106,52,'Presente',NULL),
(582,106,71,'Presente',NULL),
(583,107,33,'Presente',NULL),
(584,107,52,'Presente',NULL),
(585,107,71,'Presente',NULL),
(586,108,33,'Presente',NULL),
(587,108,52,'Presente',NULL),
(588,108,71,'Presente',NULL),
(589,109,34,'Presente',NULL),
(590,109,53,'Presente',NULL),
(591,109,72,'Falta justificada','Justificativa registrada'),
(592,110,34,'Falta',NULL),
(593,110,53,'Presente',NULL),
(594,110,72,'Presente',NULL),
(595,111,34,'Falta',NULL),
(596,111,53,'Presente',NULL),
(597,111,72,'Presente',NULL),
(598,112,34,'Presente',NULL),
(599,112,53,'Presente',NULL),
(600,112,72,'Presente',NULL),
(601,113,34,'Presente',NULL),
(602,113,53,'Presente',NULL),
(603,113,72,'Falta justificada','Justificativa registrada'),
(604,114,34,'Falta',NULL),
(605,114,53,'Presente',NULL),
(606,114,72,'Presente',NULL),
(607,115,34,'Falta',NULL),
(608,115,53,'Presente',NULL),
(609,115,72,'Presente',NULL),
(610,116,34,'Presente',NULL),
(611,116,53,'Presente',NULL),
(612,116,72,'Presente',NULL),
(613,117,34,'Presente',NULL),
(614,117,53,'Presente',NULL),
(615,117,72,'Falta justificada','Justificativa registrada'),
(616,118,34,'Falta',NULL),
(617,118,53,'Presente',NULL),
(618,118,72,'Presente',NULL),
(619,119,34,'Falta',NULL),
(620,119,53,'Presente',NULL),
(621,119,72,'Presente',NULL),
(622,120,34,'Presente',NULL),
(623,120,53,'Presente',NULL),
(624,120,72,'Presente',NULL),
(625,121,35,'Presente',NULL),
(626,121,54,'Falta justificada','Justificativa registrada'),
(627,121,73,'Presente',NULL),
(628,122,35,'Presente',NULL),
(629,122,54,'Presente',NULL),
(630,122,73,'Presente',NULL),
(631,123,35,'Presente',NULL),
(632,123,54,'Presente',NULL),
(633,123,73,'Presente',NULL),
(634,124,35,'Presente',NULL),
(635,124,54,'Presente',NULL),
(636,124,73,'Presente',NULL),
(637,125,35,'Presente',NULL),
(638,125,54,'Falta justificada','Justificativa registrada'),
(639,125,73,'Presente',NULL),
(640,126,35,'Presente',NULL),
(641,126,54,'Presente',NULL),
(642,126,73,'Presente',NULL),
(643,127,35,'Presente',NULL),
(644,127,54,'Presente',NULL),
(645,127,73,'Presente',NULL),
(646,128,35,'Presente',NULL),
(647,128,54,'Presente',NULL),
(648,128,73,'Presente',NULL),
(649,129,35,'Presente',NULL),
(650,129,54,'Falta justificada','Justificativa registrada'),
(651,129,73,'Presente',NULL),
(652,130,35,'Presente',NULL),
(653,130,54,'Presente',NULL),
(654,130,73,'Presente',NULL),
(655,131,35,'Presente',NULL),
(656,131,54,'Presente',NULL),
(657,131,73,'Presente',NULL),
(658,132,35,'Presente',NULL),
(659,132,54,'Presente',NULL),
(660,132,73,'Presente',NULL),
(661,133,36,'Falta justificada','Justificativa registrada'),
(662,133,55,'Presente',NULL),
(663,133,74,'Presente',NULL),
(664,134,36,'Presente',NULL),
(665,134,55,'Presente',NULL),
(666,134,74,'Presente',NULL),
(667,135,36,'Presente',NULL),
(668,135,55,'Presente',NULL),
(669,135,74,'Presente',NULL),
(670,136,36,'Presente',NULL),
(671,136,55,'Presente',NULL),
(672,136,74,'Presente',NULL),
(673,137,36,'Falta justificada','Justificativa registrada'),
(674,137,55,'Presente',NULL),
(675,137,74,'Presente',NULL),
(676,138,36,'Presente',NULL),
(677,138,55,'Presente',NULL),
(678,138,74,'Presente',NULL),
(679,139,36,'Presente',NULL),
(680,139,55,'Presente',NULL),
(681,139,74,'Presente',NULL),
(682,140,36,'Presente',NULL),
(683,140,55,'Presente',NULL),
(684,140,74,'Presente',NULL),
(685,141,36,'Falta justificada','Justificativa registrada'),
(686,141,55,'Presente',NULL),
(687,141,74,'Presente',NULL),
(688,142,36,'Presente',NULL),
(689,142,55,'Presente',NULL),
(690,142,74,'Presente',NULL),
(691,143,36,'Presente',NULL),
(692,143,55,'Presente',NULL),
(693,143,74,'Presente',NULL),
(694,144,36,'Presente',NULL),
(695,144,55,'Presente',NULL),
(696,144,74,'Presente',NULL),
(697,145,37,'Presente',NULL),
(698,145,56,'Presente',NULL),
(699,145,75,'Presente',NULL),
(700,146,37,'Presente',NULL),
(701,146,56,'Presente',NULL),
(702,146,75,'Presente',NULL),
(703,147,37,'Presente',NULL),
(704,147,56,'Presente',NULL),
(705,147,75,'Presente',NULL),
(706,148,37,'Presente',NULL),
(707,148,56,'Presente',NULL),
(708,148,75,'Presente',NULL),
(709,149,37,'Presente',NULL),
(710,149,56,'Presente',NULL),
(711,149,75,'Presente',NULL),
(712,150,37,'Presente',NULL),
(713,150,56,'Presente',NULL),
(714,150,75,'Presente',NULL),
(715,151,37,'Presente',NULL),
(716,151,56,'Presente',NULL),
(717,151,75,'Presente',NULL),
(718,152,37,'Presente',NULL),
(719,152,56,'Presente',NULL),
(720,152,75,'Presente',NULL),
(721,153,37,'Presente',NULL),
(722,153,56,'Presente',NULL),
(723,153,75,'Presente',NULL),
(724,154,37,'Presente',NULL),
(725,154,56,'Presente',NULL),
(726,154,75,'Presente',NULL),
(727,155,37,'Presente',NULL),
(728,155,56,'Presente',NULL),
(729,155,75,'Presente',NULL),
(730,156,37,'Presente',NULL),
(731,156,56,'Presente',NULL),
(732,156,75,'Presente',NULL),
(733,157,38,'Presente',NULL),
(734,157,57,'Presente',NULL),
(735,157,76,'Presente',NULL),
(736,158,38,'Presente',NULL),
(737,158,57,'Presente',NULL),
(738,158,76,'Presente',NULL),
(739,159,38,'Presente',NULL),
(740,159,57,'Presente',NULL),
(741,159,76,'Presente',NULL),
(742,160,38,'Presente',NULL),
(743,160,57,'Presente',NULL),
(744,160,76,'Presente',NULL),
(745,161,38,'Presente',NULL),
(746,161,57,'Presente',NULL),
(747,161,76,'Presente',NULL),
(748,162,38,'Presente',NULL),
(749,162,57,'Presente',NULL),
(750,162,76,'Presente',NULL),
(751,163,38,'Presente',NULL),
(752,163,57,'Presente',NULL),
(753,163,76,'Presente',NULL),
(754,164,38,'Presente',NULL),
(755,164,57,'Presente',NULL),
(756,164,76,'Presente',NULL),
(757,165,38,'Presente',NULL),
(758,165,57,'Presente',NULL),
(759,165,76,'Presente',NULL),
(760,166,38,'Presente',NULL),
(761,166,57,'Presente',NULL),
(762,166,76,'Presente',NULL),
(763,167,38,'Presente',NULL),
(764,167,57,'Presente',NULL),
(765,167,76,'Presente',NULL),
(766,168,38,'Presente',NULL),
(767,168,57,'Presente',NULL),
(768,168,76,'Presente',NULL),
(769,169,39,'Presente',NULL),
(770,169,58,'Presente',NULL),
(771,169,77,'Presente',NULL),
(772,170,39,'Presente',NULL),
(773,170,58,'Presente',NULL),
(774,170,77,'Presente',NULL),
(775,171,39,'Presente',NULL),
(776,171,58,'Presente',NULL),
(777,171,77,'Presente',NULL),
(778,172,39,'Presente',NULL),
(779,172,58,'Presente',NULL),
(780,172,77,'Presente',NULL),
(781,173,39,'Presente',NULL),
(782,173,58,'Presente',NULL),
(783,173,77,'Presente',NULL),
(784,174,39,'Presente',NULL),
(785,174,58,'Presente',NULL),
(786,174,77,'Presente',NULL),
(787,175,39,'Presente',NULL),
(788,175,58,'Presente',NULL),
(789,175,77,'Presente',NULL),
(790,176,39,'Presente',NULL),
(791,176,58,'Presente',NULL),
(792,176,77,'Presente',NULL),
(793,177,39,'Presente',NULL),
(794,177,58,'Presente',NULL),
(795,177,77,'Presente',NULL),
(796,178,39,'Presente',NULL),
(797,178,58,'Presente',NULL),
(798,178,77,'Presente',NULL),
(799,179,39,'Presente',NULL),
(800,179,58,'Presente',NULL),
(801,179,77,'Presente',NULL),
(802,180,39,'Presente',NULL),
(803,180,58,'Presente',NULL),
(804,180,77,'Presente',NULL),
(805,181,40,'Presente',NULL),
(806,181,59,'Presente',NULL),
(807,181,78,'Presente',NULL),
(808,182,40,'Presente',NULL),
(809,182,59,'Presente',NULL),
(810,182,78,'Presente',NULL),
(811,183,40,'Presente',NULL),
(812,183,59,'Presente',NULL),
(813,183,78,'Presente',NULL),
(814,184,40,'Presente',NULL),
(815,184,59,'Presente',NULL),
(816,184,78,'Presente',NULL),
(817,185,40,'Presente',NULL),
(818,185,59,'Presente',NULL),
(819,185,78,'Presente',NULL),
(820,186,40,'Presente',NULL),
(821,186,59,'Presente',NULL),
(822,186,78,'Presente',NULL),
(823,187,40,'Presente',NULL),
(824,187,59,'Presente',NULL),
(825,187,78,'Presente',NULL),
(826,188,40,'Presente',NULL),
(827,188,59,'Presente',NULL),
(828,188,78,'Presente',NULL),
(829,189,40,'Presente',NULL),
(830,189,59,'Presente',NULL),
(831,189,78,'Presente',NULL),
(832,190,40,'Presente',NULL),
(833,190,59,'Presente',NULL),
(834,190,78,'Presente',NULL),
(835,191,40,'Presente',NULL),
(836,191,59,'Presente',NULL),
(837,191,78,'Presente',NULL),
(838,192,40,'Presente',NULL),
(839,192,59,'Presente',NULL),
(840,192,78,'Presente',NULL),
(841,193,41,'Presente',NULL),
(842,193,60,'Presente',NULL),
(843,193,79,'Presente',NULL),
(844,194,41,'Presente',NULL),
(845,194,60,'Presente',NULL),
(846,194,79,'Presente',NULL),
(847,195,41,'Presente',NULL),
(848,195,60,'Presente',NULL),
(849,195,79,'Presente',NULL),
(850,196,41,'Presente',NULL),
(851,196,60,'Presente',NULL),
(852,196,79,'Presente',NULL),
(853,197,41,'Presente',NULL),
(854,197,60,'Presente',NULL),
(855,197,79,'Presente',NULL),
(856,198,41,'Presente',NULL),
(857,198,60,'Presente',NULL),
(858,198,79,'Presente',NULL),
(859,199,41,'Presente',NULL),
(860,199,60,'Presente',NULL),
(861,199,79,'Presente',NULL),
(862,200,41,'Presente',NULL),
(863,200,60,'Presente',NULL),
(864,200,79,'Presente',NULL),
(865,201,41,'Presente',NULL),
(866,201,60,'Presente',NULL),
(867,201,79,'Presente',NULL),
(868,202,41,'Presente',NULL),
(869,202,60,'Presente',NULL),
(870,202,79,'Presente',NULL),
(871,203,41,'Presente',NULL),
(872,203,60,'Presente',NULL),
(873,203,79,'Presente',NULL),
(874,204,41,'Presente',NULL),
(875,204,60,'Presente',NULL),
(876,204,79,'Presente',NULL),
(877,205,42,'Presente',NULL),
(878,205,61,'Presente',NULL),
(879,205,80,'Presente',NULL),
(880,206,42,'Presente',NULL),
(881,206,61,'Presente',NULL),
(882,206,80,'Presente',NULL),
(883,207,42,'Presente',NULL),
(884,207,61,'Presente',NULL),
(885,207,80,'Presente',NULL),
(886,208,42,'Presente',NULL),
(887,208,61,'Presente',NULL),
(888,208,80,'Presente',NULL),
(889,209,42,'Presente',NULL),
(890,209,61,'Presente',NULL),
(891,209,80,'Presente',NULL),
(892,210,42,'Presente',NULL),
(893,210,61,'Presente',NULL),
(894,210,80,'Presente',NULL),
(895,211,42,'Presente',NULL),
(896,211,61,'Presente',NULL),
(897,211,80,'Presente',NULL),
(898,212,42,'Presente',NULL),
(899,212,61,'Presente',NULL),
(900,212,80,'Presente',NULL),
(901,213,42,'Presente',NULL),
(902,213,61,'Presente',NULL),
(903,213,80,'Presente',NULL),
(904,214,42,'Presente',NULL),
(905,214,61,'Presente',NULL),
(906,214,80,'Presente',NULL),
(907,215,42,'Presente',NULL),
(908,215,61,'Presente',NULL),
(909,215,80,'Presente',NULL),
(910,216,42,'Presente',NULL),
(911,216,61,'Presente',NULL),
(912,216,80,'Presente',NULL),
(913,217,43,'Presente',NULL),
(914,217,62,'Presente',NULL),
(915,218,43,'Presente',NULL),
(916,218,62,'Presente',NULL),
(917,219,43,'Presente',NULL),
(918,219,62,'Presente',NULL),
(919,220,43,'Presente',NULL),
(920,220,62,'Presente',NULL),
(921,221,43,'Presente',NULL),
(922,221,62,'Presente',NULL),
(923,222,43,'Presente',NULL),
(924,222,62,'Presente',NULL),
(925,223,43,'Presente',NULL),
(926,223,62,'Presente',NULL),
(927,224,43,'Presente',NULL),
(928,224,62,'Presente',NULL),
(929,225,43,'Presente',NULL),
(930,225,62,'Presente',NULL),
(931,226,43,'Presente',NULL),
(932,226,62,'Presente',NULL),
(933,227,43,'Presente',NULL),
(934,227,62,'Presente',NULL),
(935,228,43,'Presente',NULL),
(936,228,62,'Presente',NULL),
(937,229,44,'Presente',NULL),
(938,229,63,'Falta justificada','Justificativa registrada'),
(939,230,44,'Presente',NULL),
(940,230,63,'Presente',NULL),
(941,231,44,'Presente',NULL),
(942,231,63,'Presente',NULL),
(943,232,44,'Presente',NULL),
(944,232,63,'Presente',NULL),
(945,233,44,'Presente',NULL),
(946,233,63,'Falta justificada','Justificativa registrada'),
(947,234,44,'Presente',NULL),
(948,234,63,'Presente',NULL),
(949,235,44,'Presente',NULL),
(950,235,63,'Presente',NULL),
(951,236,44,'Presente',NULL),
(952,236,63,'Presente',NULL),
(953,237,44,'Presente',NULL),
(954,237,63,'Falta justificada','Justificativa registrada'),
(955,238,44,'Presente',NULL),
(956,238,63,'Presente',NULL),
(957,239,44,'Presente',NULL),
(958,239,63,'Presente',NULL),
(959,240,44,'Presente',NULL),
(960,240,63,'Presente',NULL);

-- Atualizando a sequência do AUTO_INCREMENT (IDENTITY) para o Postgres
SELECT setval(pg_get_serial_sequence('frequencia', 'codigo_frequencia'), COALESCE(MAX(codigo_frequencia), 1)) FROM frequencia;

COMMIT;

CREATE TABLE "horario_turma" (
  "codigo_horario" SERIAL,
  "codigo_turma" int NOT NULL,
  "codigo_sala" int NOT NULL,
  "dia_semana" varchar(20) NOT NULL,
  "hora_inicio" time NOT NULL,
  "hora_fim" time NOT NULL,
  PRIMARY KEY ("codigo_horario"),
  CONSTRAINT "horario_turma_ibfk_1" FOREIGN KEY ("codigo_turma") REFERENCES "turma" ("codigo_turma"),
  CONSTRAINT "horario_turma_ibfk_2" FOREIGN KEY ("codigo_sala") REFERENCES "sala" ("codigo_sala")
);

-- Criação dos índices que estavam embutidos no CREATE TABLE do MySQL
CREATE INDEX "idx_horario_turma_codigo_turma" ON "horario_turma" ("codigo_turma");
CREATE INDEX "idx_horario_turma_codigo_sala" ON "horario_turma" ("codigo_sala");

-- Ajuste para replicar o AUTO_INCREMENT=41
-- Nota: O nome da sequência gerada pelo tipo SERIAL segue o padrão: nomedatabela_nomecoluna_seq
ALTER SEQUENCE "horario_turma_codigo_horario_seq" RESTART WITH 41;

BEGIN;

INSERT INTO "horario_turma" VALUES 
(1,1,1,'Segunda-feira','19:00:00','21:00:00'),
(2,1,1,'Quarta-feira','19:00:00','21:00:00'),
(3,2,2,'Quarta-feira','19:00:00','21:00:00'),
(4,2,2,'Terça-feira','18:30:00','20:30:00'),
(5,3,3,'Terça-feira','18:30:00','20:30:00'),
(6,3,3,'Quinta-feira','18:30:00','20:30:00'),
(7,4,4,'Quinta-feira','18:30:00','20:30:00'),
(8,4,4,'Segunda-feira','19:00:00','21:00:00'),
(9,5,5,'Segunda-feira','19:00:00','21:00:00'),
(10,5,5,'Quarta-feira','19:00:00','21:00:00'),
(11,6,6,'Quarta-feira','19:00:00','21:00:00'),
(12,6,6,'Terça-feira','18:30:00','20:30:00'),
(13,7,7,'Terça-feira','18:30:00','20:30:00'),
(14,7,7,'Quinta-feira','18:30:00','20:30:00'),
(15,8,1,'Quinta-feira','18:30:00','20:30:00'),
(16,8,1,'Segunda-feira','19:00:00','21:00:00'),
(17,9,2,'Segunda-feira','19:00:00','21:00:00'),
(18,9,2,'Quarta-feira','19:00:00','21:00:00'),
(19,10,3,'Quarta-feira','19:00:00','21:00:00'),
(20,10,3,'Terça-feira','18:30:00','20:30:00'),
(21,11,4,'Terça-feira','18:30:00','20:30:00'),
(22,11,4,'Quinta-feira','18:30:00','20:30:00'),
(23,12,5,'Quinta-feira','18:30:00','20:30:00'),
(24,12,5,'Segunda-feira','19:00:00','21:00:00'),
(25,13,6,'Segunda-feira','19:00:00','21:00:00'),
(26,13,6,'Quarta-feira','19:00:00','21:00:00'),
(27,14,7,'Quarta-feira','19:00:00','21:00:00'),
(28,14,7,'Terça-feira','18:30:00','20:30:00'),
(29,15,1,'Terça-feira','18:30:00','20:30:00'),
(30,15,1,'Quinta-feira','18:30:00','20:30:00'),
(31,16,2,'Quinta-feira','18:30:00','20:30:00'),
(32,16,2,'Segunda-feira','19:00:00','21:00:00'),
(33,17,3,'Segunda-feira','19:00:00','21:00:00'),
(34,17,3,'Quarta-feira','19:00:00','21:00:00'),
(35,18,4,'Quarta-feira','19:00:00','21:00:00'),
(36,18,4,'Terça-feira','18:30:00','20:30:00'),
(37,19,5,'Terça-feira','18:30:00','20:30:00'),
(38,19,5,'Quinta-feira','18:30:00','20:30:00'),
(39,20,6,'Quinta-feira','18:30:00','20:30:00'),
(40,20,6,'Segunda-feira','19:00:00','21:00:00');

COMMIT;

-- ========================================Questẽos========================================
-- 1º Consultas simples com WHERE

-- 1. Listar alunos ativos. Crie uma consulta para exibir todos os alunos cuja situação seja Ativo. Tabelas envolvidas: aluno.
select * from aluno where situacao='Ativo';

-- 2. Buscar alunos por cidade. Crie uma consulta para listar nome, telefone, cidade e estado dos alunos que moram em uma cidade específica. Tabelas envolvidas: aluno.
select nome, telefone, cidade, estado from aluno where cidade='Fortaleza';

-- 3. Buscar professores ativos. Crie uma consulta para listar todos os professores com situação Ativo. Tabelas envolvidas: professor
select * from professor where situacao='Ativo';

-- 4. Listar cursos com mensalidade maior que determinado valor. Crie uma consulta para exibir os cursos cujo valor da mensalidade seja maior que 200,00. Tabelas envolvidas: 
-- curso.
select * from curso where valor_mensalidade > 200;

-- 5. Listar cursos com carga horária entre dois valores. Crie uma consulta para listar os cursos cuja carga horária esteja entre 40 e 120 horas. Tabelas envolvidas: 
-- curso. Operador esperado: BETWEEN
select * from curso where carga_horaria between 40 and 120;

-- =========================================================================================
-- 2º WHERE com operadores lógicos

-- 6. Alunos ativos de uma cidade específica. Crie uma consulta para listar alunos que estejam ativos e morem em Fortaleza. Tabelas envolvidas: aluno.
select * from aluno where cidade = 'Fortaleza' and situacao = 'Ativo';

-- 7. Turmas planejadas ou em andamento. Crie uma consulta para listar as turmas cuja situação seja Planejada ou Em andamento. Tabelas envolvidas: turma.
select * from turma where situacao in ('Planejada', 'Em andamento');

-- 8. Mensalidades em aberto ou vencidas. Crie uma consulta para listar as mensalidades cuja situação seja Aberta ou Vencida. Tabelas envolvidas: mensalidade.
select * from mensalidade where situacao in ('Aberta', 'Vencida');

-- 9. Avaliações com valor máximo igual a 10. Crie uma consulta para listar as avaliações cujo valor máximo seja igual a 10,00. Tabelas envolvidas: avaliação.
select * from avaliacao where valor_maximo = 10.00;

-- 10. Notas abaixo da média. Crie uma consulta para listar as notas menores que 7,0. Tabelas envolvidas: nota.
select * from nota where nota < 7.0;

-- =========================================================================================
-- 3º Consultas com ORDER BY

-- 11. Listar alunos em ordem alfabética. Crie uma consulta para listar os alunos em ordem crescente pelo nome. Tabelas envolvidas: aluno
select * from aluno order by nome;

-- 12. Listar cursos do maior para o menor valor de mensalidade. Crie uma consulta para exibir os cursos ordenados pelo valor da mensalidade em ordem decrescente. Tabelas
-- envolvidas: curso
select * from curso order by valor_mensalidade desc;

-- 13. Listar professores por especialidade e nome. Crie uma consulta para listar professores ordenando primeiro pela especialidade e depois pelo nome. Tabelas envolvidas:
-- professor
select * from professor order by especialidade asc, nome asc;

-- 14. Listar turmas por ano e semestre. Crie uma consulta para listar as turmas ordenadas pelo ano em ordem decrescente e pelo semestre em ordem crescente. Tabelas envolvidas:
-- turma
select * from turma order by ano desc, semestre asc;

-- 15. Listar mensalidades por vencimento. Crie uma consulta para listar as mensalidades ordenadas pela data de vencimento, da mais antiga para a mais recente. Tabelas
-- envolvidas: mensalidade
select * from mensalidade order by data_vencimento;

-- =========================================================================================
-- 4º Filtros com datas

-- 16. Matrículas realizadas em uma data específica. Crie uma consulta para listar as matrículas realizadas em uma determinada data. Tabelas envolvidas: matricula
select * from matricula where data_matricula = '2026-03-12';

-- 17. Matrículas realizadas em determinado mês. Crie uma consulta para listar as matrículas realizadas no mês de março de 2026. Tabelas envolvidas: matricula. Funções 
-- esperadas: MONTH, YEAR.
select * from matricula where date_part('month', data_matricula) = 3 and date_part('year', data_matricula) = 2026;

-- 18. Mensalidades vencidas em determinado período. Crie uma consulta para listar mensalidades com vencimento entre duas datas. Tabelas envolvidas: mensalidade.
-- Operador esperado: BETWEEN
select * from mensalidade where data_vencimento between '2026-02-09' and '2026-03-11';

-- 19. Aulas realizadas em determinado dia. Crie uma consulta para listar as aulas realizadas em uma data específica. Tabelas envolvidas: aula
select * from aula where data_aula = '2026-03-20';

-- 20. Avaliações aplicadas em determinado mês. Crie uma consulta para listar avaliações realizadas em abril de 2026. Tabelas envolvidas: avaliacao
select * from avaliacao where date_part('month', data_avaliacao) = 4 and date_part('year', data_avaliacao) = 2026;

-- =========================================================================================
-- 5º Funções de agregação

-- 21. Contar a quantidade de alunos. Crie uma consulta para contar quantos alunos estão cadastrados. Tabela envolvida: aluno
select count(*) from aluno;

-- 22. Contar a quantidade de cursos ativos. Crie uma consulta para contar quantos cursos estão com situação Ativo. Tabela envolvida: curso
select count(*) from curso where situacao = 'Ativo';

-- 23. Calcular a média das mensalidades dos cursos. Crie uma consulta para calcular o valor médio das mensalidades dos cursos. Tabela envolvida: curso
select avg(valor_mensalidade) from curso;

-- 24. Encontrar a maior mensalidade. Crie uma consulta para descobrir o maior valor de mensalidade entre os cursos. Tabela envolvida: curso
select max(valor_mensalidade) from curso;

-- 25. Encontrar a menor mensalidade. Crie uma consulta para descobrir o menor valor de mensalidade entre os cursos. Tabela envolvida: curso
select min(valor_mensalidade) from curso;

-- 26. Somar valores pagos. Crie uma consulta para calcular o total de valores pagos nas mensalidades. Tabela envolvida: mensalidade
select sum(valor_pago) from mensalidade;

-- =========================================================================================
-- 6º GROUP BY

-- 27. Quantidade de alunos por situação. Crie uma consulta para contar quantos alunos existem em cada situação. Tabela envolvida: aluno. Cláusulas esperadas: GROUP BY,
--COUNT
select situacao, count(*) as quantidade_alunos from aluno group by situacao;

-- 28. Quantidade de turmas por curso. Crie uma consulta para contar quantas turmas existem para cada curso. Tabelas envolvidas: curso, turma. Cláusulas esperadas: JOIN, 
-- GROUP BY, COUNT
SELECT 
    c.nome,
    COUNT(t.codigo_turma) AS turma
FROM 
    curso c
INNER JOIN 
    turma t ON c.codigo_curso = t.codigo_curso
GROUP BY 
    c.codigo_curso, c.nome; 

-- 29. Quantidade de alunos matriculados por turma. Crie uma consulta para contar quantos alunos estão matriculados em cada turma. Tabelas envolvidas: turma, matricula.
-- Cláusulas esperadas: JOIN, GROUP BY, COUNT
SELECT 
    t.codigo_turma ,
    t.nome, -- ou a coluna que identifique a turma (ex: codigo, nome)
    COUNT(m.codigo_matricula ) AS aluno
FROM 
    turma t
INNER JOIN 
    matricula m ON t.codigo_turma  = m.codigo_turma
GROUP BY 
    t.codigo_turma , t.nome ;

-- 30. Total arrecadado por situação da mensalidade. Crie uma consulta para somar os valores pagos agrupando pela situação da mensalidade. Tabela envolvida: mensalidade.
-- Cláusulas esperadas: GROUP BY, SUM.
SELECT 
    situacao, 
    SUM(valor_pago) AS total_arrecadado -- ou o nome da coluna com o valor
FROM 
    mensalidade
GROUP BY 
    situacao;

-- 31. Média das notas por avaliação. Crie uma consulta para calcular a média das notas de cada avaliação. Tabelas envolvidas: avaliação, nota. Cláusulas esperadas: JOIN, GROUP
-- BY, AVG
SELECT 
    a.codigo_avaliacao ,
    a.descricao,
    AVG(n.nota ) AS media_notas
FROM 
    avaliacao a
INNER JOIN 
    nota n ON a.codigo_avaliacao = n.codigo_avaliacao
GROUP BY 
    a.codigo_avaliacao, a.descricao;

-- =========================================================================================
-- 7º HAVING

-- 32. Turmas com mais de 20 alunos matriculados. Crie uma consulta para listar somente as turmas que possuem mais de 20 matrículas. Tabelas envolvidas: turma, matricula.
-- Cláusulas esperadas: GROUP BY, HAVING, COUNT

select 
	t.codigo_turma,
	t.nome as nome_turma,
	count(m.codigo_matricula) as total_alunos
from 
	matricula m
inner join 
	turma t on m.codigo_turma = t.codigo_turma 
group by 
	t.codigo_turma, 
	t.nome 
having count(m.codigo_matricula ) > 20;

-- 33. Cursos com mais de uma turma. Crie uma consulta para listar os cursos que possuem mais de uma turma cadastrada. Tabelas envolvidas: curso, turma. Cláusulas esperadas:
-- JOIN, GROUP BY, HAVING

select 
	c.codigo_curso,
    c.nome AS nome_curso,
    count(t.codigo_turma) as total_turmas
from 
	 curso c
inner join 
	turma t on t.codigo_curso  = c.codigo_curso 
group by 
	c.codigo_curso,
	c.nome 
having 
	count(t.codigo_turma) > 1;

-- 34. Avaliações com média menor que 7. Crie uma consulta para listar avaliações cuja média das notas seja menor que 7,0. Tabelas envolvidas: avaliação, nota. Cláusulas 
-- esperadas: JOIN, GROUP BY, HAVING, AVG.

select 
	a.codigo_avaliacao,
	a.descricao  as nome_avaliacao,
	avg(n.nota) as media_nota
from 
	avaliacao a
inner join 	
	nota n on n.codigo_nota = a.codigo_avaliacao 
group by 
	a.codigo_avaliacao,
	a.descricao
having 
	avg(n.nota) < 7;
	
	
-- 35. Professores com mais de uma disciplina. Crie uma consulta para listar professores que ministram mais de uma disciplina. Tabelas envolvidas: professor, disciplina. 
-- Cláusulas esperadas: JOIN, GROUP BY, HAVING.

select 
	p.nome,
	p.codigo_professor,
	count(d.codigo_professor) as quantidade_disciplina
from 
	professor p 
inner join 
	disciplina d on d.codigo_professor = p.codigo_professor 
group by 
	p.nome,
	p.codigo_professor 
having 
	count(d.codigo_disciplina) > 1;

-- =========================================================================================
-- 8º INNER JOIN

-- 36. Listar turmas com seus cursos. Crie uma consulta para exibir o nome da turma, ano, semestre e o nome do curso correspondente. Tabelas envolvidas: turma, curso.

select
	t.nome as nome_turma,
	t.ano as ano_turma,
	t.semestre as semestre_turma,
	c.nome  as nome_curso
from
	turma t
inner join 
	curso c on c.codigo_curso = t.codigo_curso;
	

-- 37. Listar disciplinas com seus professores. Crie uma consulta para exibir o nome da disciplina, carga horária e nome do professor responsável. Tabelas envolvidas: 
-- disciplina, professor.

select 
	d.nome as nome_disciplina,
	d.carga_horaria,
	p.nome as nome_professor
from 
	disciplina d
inner join 
	professor p on p.codigo_professor = d.codigo_professor;

-- 38. Listar matrículas com nome do aluno e nome da turma. Crie uma consulta para exibir: nome do aluno; nome da turma; data da matrícula; situação da matrícula. Tabelas
-- envolvidas: aluno, matricula, turma

select
	a.nome as nome_aluno,
	t.nome as nome_turma,
	m.data_matricula,
	m.situacao
from matricula m 
inner join 
	aluno a on a.codigo_aluno = m.codigo_aluno
inner join 
	turma t on t.codigo_turma = m.codigo_turma ;

-- 39. Listar mensalidades com dados do aluno, Crie uma consulta para exibir: nome do aluno; código da matrícula; número da parcela; data de vencimento; valor; situação da
-- mensalidade. Tabelas envolvidas: aluno, matricula, mensalidade

select
	a.nome as nome_aluno,
	ma.codigo_matricula,
	me.numero_parcela,
	me.data_vencimento,
	me.valor as valor_mensalidade,
	me.situacao as situacao_mensalidade
from
	mensalidade me
inner join
	matricula ma on me.codigo_matricula = ma.codigo_matricula
inner join 
	aluno a on ma.codigo_aluno = a.codigo_aluno;


-- 40. Listar avaliações com disciplina e professor. Crie uma consulta para exibir: descrição da avaliação; data da avaliação; nome da disciplina; nome do professor. Tabelas 
-- envolvidas: avaliação, disciplina, professor

select 
	a.descricao as descricao_avaliacao,
	a.data_avaliacao,
	d.nome as nome_disciplina,
	p.nome as nome_professor
from
	avaliacao a
inner join
	disciplina d on d.codigo_disciplina = a.codigo_disciplina 
inner join
	professor p on p.codigo_professor = d.codigo_professor;
	
-- =========================================================================================
-- 9º LEFT JOIN

-- 41. Listar todos os alunos e suas matrículas. Crie uma consulta para listar todos os alunos, mesmo aqueles que ainda não possuem matrícula. Tabelas envolvidas: 
-- aluno, matricula. 
select 
	a.nome,
	m.codigo_matricula
from 
	aluno a 
left join 
	matricula m on m.codigo_aluno = a.codigo_aluno;	

-- 42. Listar todos os cursos e suas turmas. Crie uma consulta para listar todos os cursos, mesmo aqueles que ainda não possuem turma cadastrada. Tabelas envolvidas: curso,
-- turma.
select 
	c.nome as nome_curso,
	t.nome as nome_turma
from 
	turma t 
left join 
	curso c on c.codigo_curso = t.codigo_curso;

-- 43. Listar professores sem disciplina. Crie uma consulta para listar professores que ainda não estão vinculados a nenhuma disciplina. Tabelas envolvidas: professor, 
-- disciplina. Tipo de JOIN esperado: LEFT JOIN, filtro com IS NULL
select * from professor;
select * from disciplina;
select
	p.nome as nome_professor
from 
	professor p
left join 
	disciplina d  on d.codigo_professor is null;
	
	
--44. Listar alunos sem responsável. Crie uma consulta para listar alunos que não possuem responsável cadastrado. Tabelas envolvidas: aluno, aluno_responsavel. 
-- Tipo de JOIN esperado: LEFT JOIN, filtro com IS NULL.
select 
	a.nome as nome_aluno
from
	aluno a
left join
	aluno_responsavel ar on ar.codigo_aluno is null;

-- 45. Listar turmas sem matrículas. Crie uma consulta para listar turmas que ainda não possuem alunos matriculados. Tabelas envolvidas: turma, matricula. Tipo de JOIN
-- esperado: LEFT JOIN, filtro com IS NULL.

select 
	t.nome as nome_turma
from
	turma t 
left join 	
	matricula m on m.codigo_turma is null;

-- =========================================================================================
-- 10º Consultas integradas

-- 46. Relatório geral de matrículas. Crie uma consulta para exibir: nome do aluno; nome do curso; nome da turma; ano; semestre; data da matrícula; situação da matrícula. 
-- Tabelas envolvidas: aluno, matricula, turma, curso

select 
	a.nome as nome_aluno,
	c.nome as nome_curso,
	t.nome as nome_turma,
	t.ano,
	t.semestre,
	m.data_matricula,
	m.situacao
from 
	matricula m
inner join 
	turma t on t.codigo_turma = m.codigo_turma 
inner join 	
	curso c on c.codigo_curso = t.codigo_curso 
inner join
	aluno a on a.codigo_aluno = m.codigo_aluno;
	
-- 47. Relatório financeiro por aluno. Crie uma consulta para exibir: nome do aluno; nome da turma; número da parcela; data de vencimento; data de pagamento; valor; valor pago;
-- situação da mensalidade. Tabelas envolvidas: aluno, matricula, turma, mensalidade
select 
	a.nome as nome_aluno,
	t.nome as nome_turma,
	me.numero_parcela,
	me.data_vencimento,
	me.data_pagamento,
	me.valor as valor_mensalidade,
	me.valor_pago,
	me.situacao as situacao_mensalidade
from 
	mensalidade me
inner join 
	matricula m on m.codigo_matricula = me.codigo_matricula 
inner join 
	turma t on t.codigo_turma = m.codigo_turma 
inner join
	aluno a on a.codigo_aluno = m.codigo_aluno;
	

-- 48. Boletim de notas do aluno. Crie uma consulta para exibir: nome do aluno; nome da turma; nome da disciplina; descrição da avaliação; nota obtida. Tabelas envolvidas: 
-- aluno, matricula, turma, disciplina, avaliação, nota.
select 
	a.nome as nome_aluno,
	t.nome as nome_turma,
	d.nome as nome_disciplina,
	av.descricao as descricao_avaliacao,
	n.nota as nota_obtida
from 
	nota n
inner join 
	avaliacao av on av.codigo_avaliacao = n.codigo_avaliacao
inner join 
	matricula m on m.codigo_matricula = n.codigo_matricula 
inner join
	aluno a on a.codigo_aluno = m.codigo_aluno 
inner join 
	turma t on t.codigo_turma = m.codigo_turma 
inner join 
	disciplina d on d.codigo_turma = t.codigo_turma;

-- 49. Relatório de frequência do aluno. Crie uma consulta para exibir: nome do aluno; nome da disciplina; data da aula; conteúdo da aula; presença; justificativa. 
-- Tabelas envolvidas: aluno, matricula, disciplina, aula, frequência.
select 
	a.nome as nome_aluno,
	d.nome as nome_disciplina,
	au.data_aula,
	au.conteudo as conteudo_aula,
	f.presenca,
	f.justificativa
from 
	frequencia f 
inner join
	aula au on au.codigo_aula = f.codigo_aula 
inner join 
	disciplina d on d.codigo_disciplina = au.codigo_disciplina 
inner join 
	matricula m on m.codigo_matricula = f.codigo_matricula 
inner join 
	aluno a on a.codigo_aluno = m.codigo_aluno;

-- 50. Relatório de certificados emitidos. Crie uma consulta para exibir: nome do aluno; nome do curso; nome da turma; data de emissão; código de verificação; 
-- situação do certificado. Tabelas envolvidas: aluno, matricula, turma, curso, certificado
select
	a.nome as nome_aluno,
	c.nome as nome_curso,
	t.nome as nome_turma,
	ce.data_emissao,
	ce.codigo_verificacao,
	ce.situacao as situacao_certificado
from
	certificado ce
inner join 
	matricula m on m.codigo_matricula = ce.codigo_matricula 
inner join 
	turma t on t.codigo_turma = m.codigo_turma 
inner join 
	curso c on c.codigo_curso = t.codigo_curso 
inner join 
	aluno a on a.codigo_aluno = m.codigo_aluno;
